timestamp,open,high,low,close,volume,symbol
2023-01-01,16541.77,16628.0,16499.01,16616.75,96925.41374,BTC/USDT
2023-01-02,16617.17,16799.23,16548.7,16672.87,121888.57191,BTC/USDT
2023-01-03,16672.78,16778.4,16605.28,16675.18,159541.53733,BTC/USDT
2023-01-04,16675.65,16991.87,16652.66,16850.36,220362.18862,BTC/USDT
2023-01-05,16850.36,16879.82,16753.0,16831.85,163473.56641,BTC/USDT
2023-01-06,16831.85,17041.0,16679.0,16950.65,207401.28415,BTC/USDT
2023-01-07,16950.31,16981.91,16908.0,16943.57,104526.5688,BTC/USDT
2023-01-08,16943.83,17176.99,16911.0,17127.83,135155.89695,BTC/USDT
2023-01-09,17127.83,17398.8,17104.66,17178.26,266211.52723,BTC/USDT
2023-01-10,17179.04,17499.0,17146.34,17440.66,221382.42581,BTC/USDT
2023-01-11,17440.64,18000.0,17315.6,17943.26,262221.60653,BTC/USDT
2023-01-12,17943.26,19117.04,17892.05,18846.62,454568.32178,BTC/USDT
2023-01-13,18846.62,20000.0,18714.12,19930.01,368615.87823,BTC/USDT
2023-01-14,19930.01,21258.0,19888.05,20954.92,393913.74951,BTC/USDT
2023-01-15,20952.76,21050.74,20551.01,20871.5,178542.22549,BTC/USDT
2023-01-16,20872.99,21474.05,20611.48,21185.65,293078.08262,BTC/USDT
2023-01-17,21185.65,21647.45,20841.31,21134.81,275407.74409,BTC/USDT
2023-01-18,21132.29,21650.0,20407.15,20677.47,350916.01949,BTC/USDT
2023-01-19,20677.47,21192.0,20659.19,21071.59,251385.84925,BTC/USDT
2023-01-20,21071.59,22755.93,20861.28,22667.21,338079.13659,BTC/USDT
2023-01-21,22666.0,23371.8,22422.0,22783.55,346445.48432,BTC/USDT
2023-01-22,22783.35,23078.71,22292.37,22707.88,253577.75286,BTC/USDT
2023-01-23,22706.02,23180.0,22500.0,22916.45,293588.37938,BTC/USDT
2023-01-24,22917.81,23162.2,22462.93,22632.89,293158.78254,BTC/USDT
2023-01-25,22631.94,23816.73,22300.0,23060.94,346042.83223,BTC/USDT
2023-01-26,23060.42,23282.47,22850.01,23009.65,288924.43581,BTC/USDT
2023-01-27,23009.65,23500.0,22534.88,23074.16,280833.86315,BTC/USDT
2023-01-28,23074.16,23189.0,22878.46,23022.6,148115.71085,BTC/USDT
2023-01-29,23021.4,23960.54,22967.76,23742.3,295688.79204,BTC/USDT
2023-01-30,23743.37,23800.51,22500.0,22826.15,302405.90121,BTC/USDT
2023-01-31,22827.38,23320.0,22714.77,23125.13,264649.34909,BTC/USDT
2023-02-01,23125.13,23812.66,22760.23,23732.66,310790.42271,BTC/USDT
2023-02-02,23731.41,24255.0,23363.27,23488.94,364177.20751,BTC/USDT
2023-02-03,23489.33,23715.7,23204.62,23431.9,332571.02904,BTC/USDT
2023-02-04,23431.9,23587.78,23253.96,23326.84,166126.47295,BTC/USDT
2023-02-05,23327.66,23433.33,22743.0,22932.91,209251.33917,BTC/USDT
2023-02-06,22932.91,23158.25,22628.13,22762.52,265371.6069,BTC/USDT
2023-02-07,22762.52,23350.25,22745.78,23240.46,308006.72482,BTC/USDT
2023-02-08,23242.42,23452.0,22665.85,22963.0,280056.30717,BTC/USDT
2023-02-09,22961.85,23011.39,21688.0,21796.35,402894.6955,BTC/USDT
2023-02-10,21797.83,21938.16,21451.0,21625.19,338591.94247,BTC/USDT
2023-02-11,21625.19,21906.32,21599.78,21862.55,177021.58433,BTC/USDT
2023-02-12,21862.02,22090.0,21630.0,21783.54,204435.65163,BTC/USDT
2023-02-13,21782.37,21894.99,21351.07,21773.97,295730.76791,BTC/USDT
2023-02-14,21774.63,22319.08,21532.77,22199.84,361958.40109,BTC/USDT
2023-02-15,22199.84,24380.0,22047.28,24324.05,375669.16111,BTC/USDT
2023-02-16,24322.87,25250.0,23505.25,23517.72,450080.68366,BTC/USDT
2023-02-17,23517.72,25021.11,23339.37,24569.97,496813.21376,BTC/USDT
2023-02-18,24568.24,24877.0,24430.0,24631.95,216917.25213,BTC/USDT
2023-02-19,24632.05,25192.0,24192.57,24271.76,300395.99542,BTC/USDT
2023-02-20,24272.51,25121.23,23840.83,24842.2,346938.56997,BTC/USDT
2023-02-21,24843.89,25250.0,24148.34,24452.16,376000.82868,BTC/USDT
2023-02-22,24450.67,24476.05,23574.69,24182.21,379425.75365,BTC/USDT
2023-02-23,24182.21,24599.59,23608.0,23940.2,398400.45437,BTC/USDT
2023-02-24,23940.2,24132.35,22841.19,23185.29,343582.57453,BTC/USDT
2023-02-25,23184.04,23219.13,22722.0,23157.07,191311.8101,BTC/USDT
2023-02-26,23157.07,23689.99,23059.18,23554.85,202323.73623,BTC/USDT
2023-02-27,23554.85,23897.99,23106.77,23492.09,283706.0859,BTC/USDT
2023-02-28,23492.09,23600.0,23020.97,23141.57,264140.99894,BTC/USDT
2023-03-01,23141.57,24000.0,23020.03,23628.97,315287.41737,BTC/USDT
2023-03-02,23629.76,23796.93,23195.9,23465.32,239315.45219,BTC/USDT
2023-03-03,23465.32,23476.95,21971.13,22354.34,319954.19785,BTC/USDT
2023-03-04,22354.34,22410.0,22157.08,22346.57,121257.38132,BTC/USDT
2023-03-05,22346.57,22662.09,22189.22,22430.24,154841.75786,BTC/USDT
2023-03-06,22430.24,22602.19,22258.0,22410.0,203751.82957,BTC/USDT
2023-03-07,22409.41,22557.91,21927.0,22197.96,292519.80912,BTC/USDT
2023-03-08,22198.56,22287.0,21580.0,21705.44,301460.57272,BTC/USDT
2023-03-09,21704.37,21834.99,20042.72,20362.22,443658.28584,BTC/USDT
2023-03-10,20362.21,20367.78,19549.09,20150.69,618456.4671,BTC/USDT
2023-03-11,20150.69,20686.51,19765.03,20455.73,427831.82133,BTC/USDT
2023-03-12,20455.73,22150.0,20270.6,21997.11,430944.94288,BTC/USDT
2023-03-13,21998.05,24500.0,21813.88,24113.48,687889.31259,BTC/USDT
2023-03-14,24112.27,26386.87,23976.42,24670.41,699360.93423,BTC/USDT
2023-03-15,24670.41,25196.97,23896.95,24285.66,581450.72984,BTC/USDT
2023-03-16,24285.66,25167.4,24123.0,24998.78,439421.32998,BTC/USDT
2023-03-17,24998.78,27756.84,24890.0,27395.13,624460.68091,BTC/USDT
2023-03-18,27395.13,27724.85,26578.0,26907.49,371238.97174,BTC/USDT
2023-03-19,26907.49,28390.1,26827.22,27972.87,372066.99054,BTC/USDT
2023-03-20,27972.87,28472.0,27124.47,27717.01,477378.23373,BTC/USDT
2023-03-21,27717.01,28438.55,27303.1,28105.47,420929.7422,BTC/USDT
2023-03-22,28107.81,28868.05,26601.8,27250.97,224113.41296,BTC/USDT
2023-03-23,27250.97,28750.0,27105.0,28295.41,128649.60818,BTC/USDT
2023-03-24,28295.42,28374.3,27000.0,27454.47,86242.06544,BTC/USDT
2023-03-25,27454.46,27787.33,27156.09,27462.95,50844.08102,BTC/USDT
2023-03-26,27462.96,28194.4,27417.76,27968.05,49671.70353,BTC/USDT
2023-03-27,27968.05,28023.86,26508.14,27124.91,88039.46898,BTC/USDT
2023-03-28,27124.9,27520.0,26631.78,27261.07,78602.44341,BTC/USDT
2023-03-29,27261.06,28650.0,27240.1,28348.6,89486.16008,BTC/USDT
2023-03-30,28348.6,29184.68,27686.0,28028.53,98865.43256,BTC/USDT
2023-03-31,28028.53,28656.69,27511.71,28465.36,78198.12139,BTC/USDT
2023-04-01,28465.36,28819.71,28220.27,28452.73,30238.44753,BTC/USDT
2023-04-02,28452.74,28530.0,27856.43,28171.87,37365.65692,BTC/USDT
2023-04-03,28171.87,28500.99,27200.24,27800.0,79180.01405,BTC/USDT
2023-04-04,27800.0,28444.44,27662.79,28165.47,49722.55691,BTC/USDT
2023-04-05,28165.47,28775.0,27805.1,28170.01,60737.64732,BTC/USDT
2023-04-06,28170.01,28182.05,27711.0,28033.82,40118.94963,BTC/USDT
2023-04-07,28033.83,28100.0,27766.94,27906.33,24762.09387,BTC/USDT
2023-04-08,27906.34,28154.99,27859.02,27938.38,19479.96735,BTC/USDT
2023-04-09,27938.38,28530.0,27800.0,28323.76,32531.16101,BTC/USDT
2023-04-10,28323.76,29770.0,28170.0,29637.34,67754.0622,BTC/USDT
2023-04-11,29637.35,30550.0,29590.0,30200.42,67990.07621,BTC/USDT
2023-04-12,30200.43,30486.0,29637.4,29888.07,62049.48451,BTC/USDT
2023-04-13,29888.07,30595.0,29854.59,30373.84,51934.11731,BTC/USDT
2023-04-14,30373.84,31000.0,29966.0,30466.93,75984.19452,BTC/USDT
2023-04-15,30466.93,30595.6,30202.0,30295.09,25429.81247,BTC/USDT
2023-04-16,30295.1,30549.99,30120.0,30304.65,26431.99322,BTC/USDT
2023-04-17,30304.66,30316.06,29240.65,29430.27,56441.81127,BTC/USDT
2023-04-18,29430.27,30485.0,29096.78,30380.01,62004.89434,BTC/USDT
2023-04-19,30380.01,30413.53,28520.0,28797.1,86575.48656,BTC/USDT
2023-04-20,28797.1,29088.3,28010.0,28243.65,76879.09372,BTC/USDT
2023-04-21,28243.65,28374.02,27125.0,27262.84,77684.7679,BTC/USDT
2023-04-22,27262.84,27882.72,27140.35,27816.85,36023.69686,BTC/USDT
2023-04-23,27816.85,27816.85,27311.25,27590.6,34812.09581,BTC/USDT
2023-04-24,27590.59,28000.0,26942.82,27510.93,53111.56874,BTC/USDT
2023-04-25,27510.93,28399.99,27192.0,28300.79,52325.14637,BTC/USDT
2023-04-26,28300.8,30036.0,27235.0,28415.29,129228.40403,BTC/USDT
2023-04-27,28415.29,29890.0,28378.86,29472.77,95430.82431,BTC/USDT
2023-04-28,29472.77,29599.54,28891.0,29311.7,54298.16578,BTC/USDT
2023-04-29,29311.69,29448.88,29031.0,29230.45,20466.83058,BTC/USDT
2023-04-30,29230.45,29969.39,29079.59,29233.21,39752.5372,BTC/USDT
2023-05-01,29233.2,29337.34,27666.95,28068.26,64433.65958,BTC/USDT
2023-05-02,28068.26,28879.88,27872.0,28669.86,50824.5224,BTC/USDT
2023-05-03,28669.85,29266.66,28113.69,29026.16,64615.79213,BTC/USDT
2023-05-04,29026.16,29379.83,28663.64,28838.16,42575.47501,BTC/USDT
2023-05-05,28838.16,29677.0,28800.0,29505.61,58415.83048,BTC/USDT
2023-05-06,29505.6,29820.0,28300.0,28848.2,49249.28459,BTC/USDT
2023-05-07,28848.19,29138.29,28395.23,28430.1,30003.41028,BTC/USDT
2023-05-08,28430.09,28631.01,27262.0,27668.79,68244.36179,BTC/USDT
2023-05-09,27668.8,27818.0,27353.0,27628.27,40113.31069,BTC/USDT
2023-05-10,27628.28,28331.42,26777.0,27598.75,71155.11355,BTC/USDT
2023-05-11,27598.74,27630.14,26702.05,26968.62,47635.31365,BTC/USDT
2023-05-12,26968.61,27091.12,25811.46,26795.01,67207.93494,BTC/USDT
2023-05-13,26795.01,27045.45,26692.03,26775.28,22814.90421,BTC/USDT
2023-05-14,26775.27,27200.0,26560.53,26917.62,21594.8036,BTC/USDT
2023-05-15,26917.61,27663.59,26726.0,27162.14,40430.08333,BTC/USDT
2023-05-16,27162.15,27296.89,26852.11,27033.84,33270.45451,BTC/USDT
2023-05-17,27033.85,27500.0,26544.71,27405.61,42958.97785,BTC/USDT
2023-05-18,27405.62,27485.33,26361.2,26821.28,49198.65143,BTC/USDT
2023-05-19,26821.28,27183.6,26630.0,26880.26,28754.13544,BTC/USDT
2023-05-20,26880.26,27150.0,26825.11,27102.43,14434.54718,BTC/USDT
2023-05-21,27102.42,27277.55,26666.03,26747.78,21347.87279,BTC/USDT
2023-05-22,26747.78,27099.89,26538.21,26849.27,26458.83828,BTC/USDT
2023-05-23,26849.28,27495.83,26798.11,27219.61,38700.83858,BTC/USDT
2023-05-24,27219.61,27219.61,26080.5,26329.01,54393.0657,BTC/USDT
2023-05-25,26329.0,26631.98,25871.89,26473.79,37435.44895,BTC/USDT
2023-05-26,26473.8,26932.16,26327.24,26705.92,35061.18713,BTC/USDT
2023-05-27,26705.93,26895.0,26551.0,26854.27,15095.6867,BTC/USDT
2023-05-28,26854.28,28261.32,26764.36,28065.0,43916.00855,BTC/USDT
2023-05-29,28065.01,28447.14,27524.6,27736.4,42385.41945,BTC/USDT
2023-05-30,27736.39,28038.59,27554.0,27694.4,32686.75371,BTC/USDT
2023-05-31,27694.39,27835.51,26839.01,27210.35,46588.80573,BTC/USDT
2023-06-01,27210.36,27350.0,26605.05,26817.93,39217.8088,BTC/USDT
2023-06-02,26817.93,27300.0,26505.0,27242.59,36380.90269,BTC/USDT
2023-06-03,27242.59,27333.29,26914.93,27069.22,16595.34117,BTC/USDT
2023-06-04,27069.22,27455.02,26951.0,27115.21,19258.41049,BTC/USDT
2023-06-05,27115.2,27129.33,25388.0,25728.2,65805.60305,BTC/USDT
2023-06-06,25728.2,27355.33,25351.02,27230.08,68392.60438,BTC/USDT
2023-06-07,27230.07,27391.77,26125.01,26339.34,59619.44364,BTC/USDT
2023-06-08,26339.34,26810.0,26210.0,26498.61,31075.51083,BTC/USDT
2023-06-09,26498.62,26783.33,26269.91,26477.81,27934.7097,BTC/USDT
2023-06-10,26477.8,26533.87,25358.0,25841.21,64944.60108,BTC/USDT
2023-06-11,25841.22,26206.88,25634.7,25925.55,30014.29595,BTC/USDT
2023-06-12,25925.54,26106.48,25602.11,25905.19,29900.50893,BTC/USDT
2023-06-13,25905.2,26433.21,25712.57,25934.25,41065.60853,BTC/USDT
2023-06-14,25934.24,26098.0,24820.56,25128.6,45077.31608,BTC/USDT
2023-06-15,25128.6,25759.01,24800.0,25598.49,48664.86063,BTC/USDT
2023-06-16,25598.49,26518.0,25175.56,26345.0,51596.91662,BTC/USDT
2023-06-17,26345.01,26839.99,26181.0,26516.99,27842.2195,BTC/USDT
2023-06-18,26516.99,26700.0,26255.85,26339.97,21538.31022,BTC/USDT
2023-06-19,26339.98,27068.09,26256.61,26844.35,35872.65974,BTC/USDT
2023-06-20,26844.35,28402.74,26652.0,28307.99,69666.95525,BTC/USDT
2023-06-21,28308.0,30800.0,28257.99,29993.89,108926.40412,BTC/USDT
2023-06-22,29993.89,30500.0,29525.61,29884.92,59054.5646,BTC/USDT
2023-06-23,29884.92,31431.94,29800.0,30688.5,73931.89635,BTC/USDT
2023-06-24,30688.51,30800.0,30250.0,30527.43,30513.30135,BTC/USDT
2023-06-25,30527.44,31046.01,30277.49,30462.66,30223.44801,BTC/USDT
2023-06-26,30462.67,30666.0,29930.0,30267.99,45180.41489,BTC/USDT
2023-06-27,30267.99,30994.97,30226.17,30692.44,42699.64157,BTC/USDT
2023-06-28,30692.44,30709.74,29858.8,30077.41,40463.51937,BTC/USDT
2023-06-29,30077.4,30843.98,30049.98,30447.31,36330.62903,BTC/USDT
2023-06-30,30447.31,31282.0,29500.0,30472.0,89419.07618,BTC/USDT
2023-07-01,30471.99,30661.6,30320.57,30585.9,17501.75075,BTC/USDT
2023-07-02,30585.9,30791.0,30155.0,30617.03,23286.41019,BTC/USDT
2023-07-03,30617.02,31380.0,30570.27,31156.2,43761.64311,BTC/USDT
2023-07-04,31156.2,31350.69,30620.0,30766.51,33206.11943,BTC/USDT
2023-07-05,30766.52,30878.07,30200.0,30504.81,33215.67122,BTC/USDT
2023-07-06,30504.8,31500.0,29850.45,29895.43,71319.6261,BTC/USDT
2023-07-07,29895.42,30449.0,29701.02,30344.7,34070.53895,BTC/USDT
2023-07-08,30344.7,30386.81,30044.47,30284.63,13094.59042,BTC/USDT
2023-07-09,30284.63,30445.52,30061.12,30160.71,15388.50196,BTC/USDT
2023-07-10,30160.71,31045.78,29950.0,30411.57,41262.87652,BTC/USDT
2023-07-11,30411.57,30813.63,30300.0,30622.1,28476.83311,BTC/USDT
2023-07-12,30622.1,30983.25,30210.0,30380.0,38108.99669,BTC/USDT
2023-07-13,30380.0,31804.2,30251.0,31454.23,70772.51836,BTC/USDT
2023-07-14,31454.23,31630.0,29900.0,30312.01,60749.48424,BTC/USDT
2023-07-15,30312.0,30390.9,30200.0,30289.52,14118.55329,BTC/USDT
2023-07-16,30289.52,30441.46,30064.29,30231.99,15760.1281,BTC/USDT
2023-07-17,30232.0,30336.96,29659.2,30138.0,30882.76839,BTC/USDT
2023-07-18,30138.01,30239.78,29512.0,29859.13,30003.8601,BTC/USDT
2023-07-19,29859.14,30189.09,29761.96,29909.21,25657.36137,BTC/USDT
2023-07-20,29909.21,30417.46,29570.96,29800.0,37540.68193,BTC/USDT
2023-07-21,29800.0,30061.7,29726.34,29901.72,23881.40865,BTC/USDT
2023-07-22,29901.72,29999.0,29625.1,29794.0,14660.40467,BTC/USDT
2023-07-23,29793.99,30350.0,29730.0,30083.75,18292.78637,BTC/USDT
2023-07-24,30083.75,30099.58,28861.9,29176.5,39628.99691,BTC/USDT
2023-07-25,29176.5,29376.0,29047.65,29228.91,21565.7478,BTC/USDT
2023-07-26,29228.91,29690.0,29096.94,29351.96,33931.63366,BTC/USDT
2023-07-27,29351.95,29567.49,29083.85,29222.78,22476.47626,BTC/USDT
2023-07-28,29222.78,29542.22,29123.12,29314.14,23993.61627,BTC/USDT
2023-07-29,29314.14,29406.92,29256.18,29352.9,10851.36844,BTC/USDT
2023-07-30,29352.9,29449.0,29033.24,29281.09,15706.97441,BTC/USDT
2023-07-31,29281.09,29530.0,29101.8,29232.25,22605.48964,BTC/USDT
2023-08-01,29232.26,29739.25,28585.7,29705.99,44719.65162,BTC/USDT
2023-08-02,29705.99,30047.5,28927.5,29186.01,48181.65141,BTC/USDT
2023-08-03,29186.0,29433.33,28968.0,29193.64,26476.91994,BTC/USDT
2023-08-04,29193.65,29333.08,28807.54,29113.99,23551.95217,BTC/USDT
2023-08-05,29114.0,29152.23,28978.64,29072.13,11645.52018,BTC/USDT
2023-08-06,29072.13,29205.09,28991.88,29088.42,13178.1972,BTC/USDT
2023-08-07,29088.43,29276.78,28701.03,29211.06,30966.87746,BTC/USDT
2023-08-08,29211.06,30244.0,29146.45,29770.42,45700.53392,BTC/USDT
2023-08-09,29770.41,30160.0,29376.67,29581.99,38003.88725,BTC/USDT
2023-08-10,29581.99,29738.0,29320.2,29455.75,23463.45373,BTC/USDT
2023-08-11,29455.76,29564.52,29252.45,29426.03,20637.0443,BTC/USDT
2023-08-12,29426.02,29481.35,29381.56,29430.17,8971.48068,BTC/USDT
2023-08-13,29430.18,29474.65,29272.32,29303.84,11101.70947,BTC/USDT
2023-08-14,29303.85,29695.32,29102.45,29430.93,31443.11532,BTC/USDT
2023-08-15,29430.92,29499.26,29059.6,29200.0,27503.87691,BTC/USDT
2023-08-16,29200.01,29259.85,28723.08,28730.51,32996.69854,BTC/USDT
2023-08-17,28730.51,28783.48,25166.0,26623.41,100271.54033,BTC/USDT
2023-08-18,26623.41,26832.6,25619.0,26054.0,69790.65711,BTC/USDT
2023-08-19,26054.0,26281.0,25801.09,26100.01,26160.75343,BTC/USDT
2023-08-20,26100.01,26299.0,25971.05,26189.99,19056.91209,BTC/USDT
2023-08-21,26190.0,26258.42,25812.0,26126.92,30267.24233,BTC/USDT
2023-08-22,26126.92,26139.42,25300.0,26056.0,34247.06688,BTC/USDT
2023-08-23,26055.99,26819.27,25812.82,26432.72,44023.69978,BTC/USDT
2023-08-24,26432.71,26577.87,25864.0,26180.05,30205.22116,BTC/USDT
2023-08-25,26180.05,26314.05,25777.15,26060.01,27753.33772,BTC/USDT
2023-08-26,26060.0,26125.77,25985.92,26017.37,10022.22322,BTC/USDT
2023-08-27,26017.38,26182.23,25966.11,26101.77,12099.64216,BTC/USDT
2023-08-28,26101.78,26253.99,25864.5,26120.0,22692.62655,BTC/USDT
2023-08-29,26120.0,28142.85,25922.0,27716.34,74251.99488,BTC/USDT
2023-08-30,27716.34,27768.57,27017.24,27299.99,35448.25848,BTC/USDT
2023-08-31,27299.99,27587.51,25655.01,25940.78,51032.80401,BTC/USDT
2023-09-01,25940.77,26156.0,25333.75,25805.05,41032.15056,BTC/USDT
2023-09-02,25805.04,25987.5,25752.47,25869.51,16250.77698,BTC/USDT
2023-09-03,25869.52,26135.0,25800.0,25971.21,17474.47667,BTC/USDT
2023-09-04,25971.21,26108.02,25631.21,25826.02,21777.59609,BTC/USDT
2023-09-05,25826.03,25915.49,25562.62,25792.1,21323.39337,BTC/USDT
2023-09-06,25792.11,26040.0,25372.51,25759.95,27262.52386,BTC/USDT
2023-09-07,25759.95,26443.14,25615.38,26255.0,27687.49567,BTC/USDT
2023-09-08,26255.0,26445.5,25647.26,25910.5,28999.76471,BTC/USDT
2023-09-09,25910.5,25945.09,25796.64,25901.61,10980.62277,BTC/USDT
2023-09-10,25901.6,26033.66,25570.57,25841.61,18738.26914,BTC/USDT
2023-09-11,25841.6,25900.69,24901.0,25162.52,41682.32,BTC/USDT
2023-09-12,25162.53,26567.0,25131.48,25840.1,56434.38537,BTC/USDT
2023-09-13,25840.1,26405.22,25764.17,26222.0,31610.82753,BTC/USDT
2023-09-14,26222.0,26860.49,26126.77,26522.73,38333.1725,BTC/USDT
2023-09-15,26522.73,26888.0,26224.0,26600.0,26227.29369,BTC/USDT
2023-09-16,26599.99,26777.0,26445.0,26559.67,13960.93351,BTC/USDT
2023-09-17,26559.67,26623.25,26399.0,26527.51,12998.10277,BTC/USDT
2023-09-18,26527.5,27409.0,26377.35,26762.51,43000.43256,BTC/USDT
2023-09-19,26762.5,27483.57,26667.79,27210.26,36190.52187,BTC/USDT
2023-09-20,27210.25,27388.63,26800.0,27125.0,34207.21867,BTC/USDT
2023-09-21,27125.01,27159.6,26377.7,26568.08,34476.82662,BTC/USDT
2023-09-22,26568.08,26743.38,26468.77,26580.14,18198.2292,BTC/USDT
2023-09-23,26580.14,26632.81,26509.0,26575.96,9440.7026,BTC/USDT
2023-09-24,26575.97,26738.54,26122.08,26248.38,15706.65771,BTC/USDT
2023-09-25,26248.39,26446.15,25990.46,26304.81,26266.2039,BTC/USDT
2023-09-26,26304.8,26397.46,26088.34,26221.67,18495.35066,BTC/USDT
2023-09-27,26221.68,26850.0,26112.06,26372.99,34771.57978,BTC/USDT
2023-09-28,26373.0,27308.48,26342.4,27021.39,44517.83491,BTC/USDT
2023-09-29,27021.39,27244.89,26665.16,26906.96,28478.76219,BTC/USDT
2023-09-30,26906.96,27094.99,26886.31,26962.56,12804.62307,BTC/USDT
2023-10-01,26962.57,28065.51,26954.09,27992.57,24602.81468,BTC/USDT
2023-10-02,27992.58,28580.0,27281.44,27494.51,57071.14241,BTC/USDT
2023-10-03,27494.51,27676.52,27160.5,27426.46,28928.96555,BTC/USDT
2023-10-04,27426.45,27839.72,27202.0,27778.57,29816.142,BTC/USDT
2023-10-05,27778.57,28120.39,27352.0,27410.39,30681.49619,BTC/USDT
2023-10-06,27410.39,28295.0,27175.94,27931.09,37983.24277,BTC/USDT
2023-10-07,27931.1,28029.67,27842.08,27956.67,13348.83825,BTC/USDT
2023-10-08,27956.67,28095.14,27687.5,27917.05,19693.56921,BTC/USDT
2023-10-09,27917.06,27987.93,27260.0,27590.12,31534.74639,BTC/USDT
2023-10-10,27590.12,27735.0,27298.0,27390.12,22776.84383,BTC/USDT
2023-10-11,27390.12,27477.39,26538.66,26875.52,37349.44706,BTC/USDT
2023-10-12,26875.52,26947.04,26555.0,26759.63,23428.64112,BTC/USDT
2023-10-13,26759.63,27130.0,26685.0,26862.0,24115.76499,BTC/USDT
2023-10-14,26862.0,26989.58,26789.0,26852.48,10417.25576,BTC/USDT
2023-10-15,26852.48,27293.33,26808.25,27154.15,15274.6917,BTC/USDT
2023-10-16,27154.14,30000.0,27112.66,28500.78,78399.22445,BTC/USDT
2023-10-17,28500.77,28613.65,28069.32,28395.91,38428.44532,BTC/USDT
2023-10-18,28395.91,28982.36,28142.87,28320.0,32162.47591,BTC/USDT
2023-10-19,28320.0,28916.89,28100.66,28713.71,35895.50179,BTC/USDT
2023-10-20,28713.71,30207.55,28578.29,29669.04,59422.0992,BTC/USDT
2023-10-21,29669.05,30379.99,29464.77,29909.8,27517.51897,BTC/USDT
2023-10-22,29909.8,30248.0,29640.0,29992.46,22852.54563,BTC/USDT
2023-10-23,29992.46,34741.91,29883.6,33069.99,93513.64246,BTC/USDT
2023-10-24,33069.99,35280.0,32832.34,33922.73,115265.02418,BTC/USDT
2023-10-25,33922.73,35132.85,33679.05,34496.05,54887.02529,BTC/USDT
2023-10-26,34496.05,34824.13,33751.0,34151.66,39744.66255,BTC/USDT
2023-10-27,34151.66,34245.0,33390.95,33892.02,32330.40106,BTC/USDT
2023-10-28,33892.01,34493.33,33860.0,34081.0,16880.13144,BTC/USDT
2023-10-29,34081.01,34750.11,33930.0,34525.89,20685.52176,BTC/USDT
2023-10-30,34525.88,34856.0,34062.84,34474.73,33657.95976,BTC/USDT
2023-10-31,34474.74,34720.49,34025.0,34639.77,32737.89822,BTC/USDT
2023-11-01,34639.78,35582.0,34097.39,35421.43,53473.28165,BTC/USDT
2023-11-02,35421.43,35984.99,34300.0,34941.59,48015.57732,BTC/USDT
2023-11-03,34941.58,34946.5,34120.0,34716.78,39071.20644,BTC/USDT
2023-11-04,34716.78,35255.0,34585.18,35062.07,18377.55545,BTC/USDT
2023-11-05,35062.06,35380.0,34448.0,35011.88,24528.73376,BTC/USDT
2023-11-06,35011.89,35276.33,34725.9,35046.09,22346.47086,BTC/USDT
2023-11-07,35046.09,35888.0,34523.06,35399.12,38688.73692,BTC/USDT
2023-11-08,35399.13,36106.0,35100.0,35624.72,33401.34137,BTC/USDT
2023-11-09,35624.72,37972.24,35534.05,36701.09,82537.88885,BTC/USDT
2023-11-10,36701.1,37526.0,36324.71,37301.63,43414.04898,BTC/USDT
2023-11-11,37301.63,37408.26,36666.93,37130.0,22984.97235,BTC/USDT
2023-11-12,37129.99,37222.22,36731.1,37064.13,17687.18874,BTC/USDT
2023-11-13,37064.13,37417.99,36333.0,36462.93,32798.18252,BTC/USDT
2023-11-14,36462.93,36744.0,34800.0,35551.19,45503.68416,BTC/USDT
2023-11-15,35551.2,37980.0,35360.0,37858.2,53569.13385,BTC/USDT
2023-11-16,37858.2,37929.54,35500.0,36163.51,47490.39566,BTC/USDT
2023-11-17,36163.51,36800.0,35861.1,36613.92,38283.61112,BTC/USDT
2023-11-18,36613.91,36845.49,36178.58,36568.1,17102.24186,BTC/USDT
2023-11-19,36568.11,37500.0,36384.02,37359.86,21246.34648,BTC/USDT
2023-11-20,37359.85,37750.0,36677.0,37448.78,36022.70291,BTC/USDT
2023-11-21,37448.79,37649.44,35735.0,35741.65,47646.54804,BTC/USDT
2023-11-22,35741.65,37861.1,35632.01,37408.34,45051.30697,BTC/USDT
2023-11-23,37408.35,37653.44,36870.0,37294.28,23827.92882,BTC/USDT
2023-11-24,37294.27,38414.0,37251.51,37713.57,44680.80646,BTC/USDT
2023-11-25,37713.57,37888.0,37591.1,37780.67,11396.14464,BTC/USDT
2023-11-26,37780.67,37814.63,37150.0,37447.43,21264.53723,BTC/USDT
2023-11-27,37447.42,37569.23,36707.0,37242.7,30001.07376,BTC/USDT
2023-11-28,37242.7,38377.0,36868.41,37818.87,37544.46667,BTC/USDT
2023-11-29,37818.88,38450.0,37570.0,37854.64,32994.19107,BTC/USDT
2023-11-30,37854.65,38145.85,37500.0,37723.96,24740.29147,BTC/USDT
2023-12-01,37723.97,38999.0,37615.86,38682.52,43415.66324,BTC/USDT
2023-12-02,38682.51,39717.14,38641.61,39450.35,26696.92161,BTC/USDT
2023-12-03,39450.35,40250.0,39274.86,39972.26,26710.65335,BTC/USDT
2023-12-04,39972.26,42420.0,39972.26,41991.1,79272.33059,BTC/USDT
2023-12-05,41991.1,44488.0,41414.0,44073.32,67490.74644,BTC/USDT
2023-12-06,44073.82,44297.21,43335.28,43762.69,51431.10492,BTC/USDT
2023-12-07,43762.69,44047.33,42821.1,43273.14,47103.26845,BTC/USDT
2023-12-08,43273.15,44700.0,43081.1,44170.99,42900.37556,BTC/USDT
2023-12-09,44171.0,44358.02,43584.51,43713.6,24925.97008,BTC/USDT
2023-12-10,43713.59,44049.0,43563.0,43789.51,18956.61758,BTC/USDT
2023-12-11,43789.5,43804.5,40222.0,41253.4,76663.89804,BTC/USDT
2023-12-12,41253.41,42104.12,40680.0,41492.39,42722.69773,BTC/USDT
2023-12-13,41492.38,43475.2,40555.0,42869.03,45865.99773,BTC/USDT
2023-12-14,42869.03,43420.0,41400.0,43022.26,42047.05709,BTC/USDT
2023-12-15,43022.26,43080.81,41666.0,41940.3,33421.7932,BTC/USDT
2023-12-16,41940.29,42724.43,41605.0,42278.03,24118.85747,BTC/USDT
2023-12-17,42278.02,42424.07,41252.0,41374.65,27722.11452,BTC/USDT
2023-12-18,41374.64,42757.81,40542.93,42657.8,46734.0925,BTC/USDT
2023-12-19,42657.8,43497.0,41811.1,42275.99,40927.86444,BTC/USDT
2023-12-20,42275.99,44283.0,42206.0,43668.93,48710.2947,BTC/USDT
2023-12-21,43668.92,44242.35,43286.72,43861.8,34624.29384,BTC/USDT
2023-12-22,43861.79,44398.26,43412.54,43969.04,32783.19638,BTC/USDT
2023-12-23,43969.04,43988.68,43291.1,43702.16,16557.1293,BTC/USDT
2023-12-24,43702.15,43946.0,42500.0,42991.5,25144.33496,BTC/USDT
2023-12-25,42991.5,43802.32,42720.43,43576.13,27021.23992,BTC/USDT
2023-12-26,43576.12,43592.68,41637.6,42508.93,41010.04282,BTC/USDT
2023-12-27,42508.93,43677.0,42098.69,43428.85,36191.21136,BTC/USDT
2023-12-28,43428.86,43787.57,42241.79,42563.76,35150.52485,BTC/USDT
2023-12-29,42563.76,43111.0,41300.0,42066.95,42597.18912,BTC/USDT
2023-12-30,42066.94,42612.32,41520.3,42140.28,22906.57818,BTC/USDT
2023-12-31,42140.29,42899.0,41965.84,42283.58,23585.91603,BTC/USDT
2023-01-01,1196.13,1204.67,1190.57,1200.34,117762.0685,ETH/USDT
2023-01-02,1200.33,1224.29,1193.0,1214.0,252794.14,ETH/USDT
2023-01-03,1213.99,1219.89,1204.93,1214.55,205519.4944,ETH/USDT
2023-01-04,1214.56,1272.6,1212.71,1256.9,457799.6648,ETH/USDT
2023-01-05,1256.91,1259.95,1242.81,1251.24,272805.33,ETH/USDT
2023-01-06,1251.25,1276.7,1236.0,1269.14,342344.2023,ETH/USDT
2023-01-07,1269.13,1271.09,1261.3,1264.07,129474.2884,ETH/USDT
2023-01-08,1264.06,1296.0,1257.77,1290.16,213636.7848,ETH/USDT
2023-01-09,1290.15,1344.91,1285.44,1320.39,581727.6968,ETH/USDT
2023-01-10,1320.4,1347.69,1316.8,1335.62,459660.2307,ETH/USDT
2023-01-11,1335.63,1398.0,1321.04,1389.39,472465.9556,ETH/USDT
2023-01-12,1389.4,1438.0,1361.92,1415.92,877712.4492,ETH/USDT
2023-01-13,1415.91,1464.0,1401.03,1451.2,499377.8649,ETH/USDT
2023-01-14,1451.21,1599.98,1449.14,1549.9,940691.7774,ETH/USDT
2023-01-15,1549.91,1566.66,1516.03,1552.52,387832.7138,ETH/USDT
2023-01-16,1552.52,1604.5,1521.31,1576.94,574622.8953,ETH/USDT
2023-01-17,1576.94,1609.0,1541.15,1565.57,506771.7219,ETH/USDT
2023-01-18,1565.56,1610.0,1501.39,1511.43,752534.8857,ETH/USDT
2023-01-19,1511.44,1564.43,1509.15,1551.09,308679.4645,ETH/USDT
2023-01-20,1551.09,1669.9,1542.02,1658.52,440570.9974,ETH/USDT
2023-01-21,1658.53,1679.26,1616.21,1626.66,494248.6009,ETH/USDT
2023-01-22,1626.65,1663.89,1604.0,1627.44,431729.6909,ETH/USDT
2023-01-23,1627.43,1648.09,1585.29,1626.29,407267.1156,ETH/USDT
2023-01-24,1626.28,1641.46,1535.0,1555.97,462275.3243,ETH/USDT
2023-01-25,1555.97,1641.0,1518.0,1611.94,646474.9166,ETH/USDT
2023-01-26,1611.95,1632.84,1577.43,1601.09,532777.8466,ETH/USDT
2023-01-27,1601.08,1621.0,1552.54,1597.62,512093.3875,ETH/USDT
2023-01-28,1597.61,1606.83,1555.99,1572.1,313675.6574,ETH/USDT
2023-01-29,1572.1,1660.0,1566.33,1644.72,551767.9134,ETH/USDT
2023-01-30,1644.73,1647.53,1535.0,1566.2,595055.3281,ETH/USDT
2023-01-31,1566.21,1605.18,1561.63,1585.33,348856.6751,ETH/USDT
2023-02-01,1585.32,1647.77,1555.18,1641.68,474617.1709,ETH/USDT
2023-02-02,1641.67,1714.68,1626.85,1643.12,629188.8874,ETH/USDT
2023-02-03,1643.12,1676.0,1625.93,1663.52,464815.032,ETH/USDT
2023-02-04,1663.52,1695.29,1645.43,1666.38,308227.1295,ETH/USDT
2023-02-05,1666.39,1673.81,1609.3,1629.02,413579.6748,ETH/USDT
2023-02-06,1629.01,1658.56,1605.01,1614.29,384119.4197,ETH/USDT
2023-02-07,1614.28,1678.37,1613.14,1671.03,451922.4,ETH/USDT
2023-02-08,1671.03,1697.91,1630.47,1650.43,417966.2539,ETH/USDT
2023-02-09,1650.42,1656.17,1524.4,1545.35,658011.6964,ETH/USDT
2023-02-10,1545.35,1555.01,1490.0,1513.06,484654.2199,ETH/USDT
2023-02-11,1513.05,1543.0,1505.0,1538.51,289691.5708,ETH/USDT
2023-02-12,1538.5,1548.02,1493.08,1514.83,286758.374,ETH/USDT
2023-02-13,1514.82,1526.1,1461.93,1505.24,643152.3904,ETH/USDT
2023-02-14,1505.25,1569.0,1482.66,1555.71,668964.3768,ETH/USDT
2023-02-15,1555.7,1680.0,1542.55,1674.92,581207.8586,ETH/USDT
2023-02-16,1674.92,1742.97,1633.72,1637.84,832723.6731,ETH/USDT
2023-02-17,1637.83,1722.0,1630.51,1693.87,579934.663,ETH/USDT
2023-02-18,1693.81,1713.13,1679.77,1691.62,267305.7813,ETH/USDT
2023-02-19,1691.62,1726.59,1666.14,1679.75,401023.0477,ETH/USDT
2023-02-20,1679.74,1719.89,1650.56,1703.27,451314.8335,ETH/USDT
2023-02-21,1703.27,1716.66,1636.3,1659.76,520354.4688,ETH/USDT
2023-02-22,1659.77,1666.95,1595.07,1643.14,528875.4809,ETH/USDT
2023-02-23,1643.15,1679.0,1628.75,1650.53,501305.9717,ETH/USDT
2023-02-24,1650.52,1664.66,1575.64,1607.8,512515.4982,ETH/USDT
2023-02-25,1607.8,1608.98,1557.33,1594.58,290188.0391,ETH/USDT
2023-02-26,1594.58,1651.26,1587.76,1641.36,308607.9941,ETH/USDT
2023-02-27,1641.37,1665.22,1608.0,1633.45,431861.4129,ETH/USDT
2023-02-28,1633.45,1647.52,1596.66,1605.23,393523.1647,ETH/USDT
2023-03-01,1605.24,1669.72,1595.0,1665.22,474456.8235,ETH/USDT
2023-03-02,1665.23,1677.86,1619.18,1647.86,423023.8082,ETH/USDT
2023-03-03,1647.86,1649.25,1544.39,1569.45,742816.5976,ETH/USDT
2023-03-04,1569.45,1577.53,1549.12,1566.73,237640.2606,ETH/USDT
2023-03-05,1566.74,1588.77,1553.05,1564.58,299240.7415,ETH/USDT
2023-03-06,1564.57,1583.49,1554.44,1565.84,307709.3011,ETH/USDT
2023-03-07,1565.84,1584.49,1536.14,1561.96,437947.9032,ETH/USDT
2023-03-08,1561.95,1570.89,1523.61,1532.38,460101.7658,ETH/USDT
2023-03-09,1532.38,1546.45,1408.0,1437.32,718485.1364,ETH/USDT
2023-03-10,1437.32,1439.43,1368.39,1426.44,960262.4509,ETH/USDT
2023-03-11,1426.43,1478.07,1408.4,1471.97,1374859.6201,ETH/USDT
2023-03-12,1471.93,1594.19,1448.3,1580.33,1002355.0929,ETH/USDT
2023-03-13,1580.33,1693.49,1565.0,1673.45,1228063.6053,ETH/USDT
2023-03-14,1673.44,1780.02,1655.24,1699.4,1283321.2355,ETH/USDT
2023-03-15,1699.41,1716.9,1611.0,1649.96,963142.4833,ETH/USDT
2023-03-16,1649.95,1691.42,1632.18,1673.73,627985.6119,ETH/USDT
2023-03-17,1673.73,1800.0,1662.65,1789.27,907528.2825,ETH/USDT
2023-03-18,1789.26,1841.0,1747.47,1758.84,711614.731,ETH/USDT
2023-03-19,1758.84,1841.36,1757.92,1780.68,541131.8908,ETH/USDT
2023-03-20,1780.67,1803.05,1722.0,1732.78,682848.1248,ETH/USDT
2023-03-21,1732.77,1835.0,1717.01,1801.23,742348.4999,ETH/USDT
2023-03-22,1801.23,1819.98,1710.12,1734.33,891287.6009,ETH/USDT
2023-03-23,1734.34,1857.16,1729.35,1813.79,732061.103,ETH/USDT
2023-03-24,1813.78,1818.99,1726.4,1749.57,564770.1417,ETH/USDT
2023-03-25,1749.57,1763.23,1713.09,1741.88,355679.3743,ETH/USDT
2023-03-26,1741.88,1801.0,1739.31,1773.88,354933.2372,ETH/USDT
2023-03-27,1773.88,1780.48,1686.13,1715.22,570563.5023,ETH/USDT
2023-03-28,1715.21,1795.73,1701.13,1772.99,536511.3973,ETH/USDT
2023-03-29,1773.0,1827.99,1772.48,1793.07,536865.5972,ETH/USDT
2023-03-30,1793.06,1829.69,1763.0,1793.61,579690.0394,ETH/USDT
2023-03-31,1793.6,1847.28,1777.91,1821.52,554525.4762,ETH/USDT
2023-04-01,1821.52,1842.83,1807.81,1820.79,272904.9674,ETH/USDT
2023-04-02,1820.8,1824.81,1771.7,1794.51,322122.9385,ETH/USDT
2023-04-03,1794.51,1839.99,1762.77,1810.51,628503.6619,ETH/USDT
2023-04-04,1810.51,1891.91,1802.01,1870.37,622208.6411,ETH/USDT
2023-04-05,1870.38,1942.98,1864.58,1908.69,548595.5155,ETH/USDT
2023-04-06,1908.68,1909.91,1853.7,1872.41,396241.4352,ETH/USDT
2023-04-07,1872.41,1882.61,1841.46,1863.72,284256.4873,ETH/USDT
2023-04-08,1863.73,1879.38,1847.0,1848.82,197905.5407,ETH/USDT
2023-04-09,1848.82,1873.99,1824.01,1858.92,287131.3079,ETH/USDT
2023-04-10,1858.91,1918.79,1846.4,1910.2,434739.7984,ETH/USDT
2023-04-11,1910.21,1937.37,1881.11,1889.86,405203.4892,ETH/USDT
2023-04-12,1889.86,1933.0,1852.65,1917.39,630844.4186,ETH/USDT
2023-04-13,1917.4,2023.0,1899.55,2012.01,676164.5188,ETH/USDT
2023-04-14,2012.0,2128.76,2009.22,2099.99,896307.3934,ETH/USDT
2023-04-15,2099.99,2111.85,2071.13,2090.6,321823.7851,ETH/USDT
2023-04-16,2090.61,2141.54,2072.72,2118.67,319880.4393,ETH/USDT
2023-04-17,2118.66,2120.51,2056.25,2074.0,426972.7071,ETH/USDT
2023-04-18,2073.99,2125.0,2051.0,2103.5,414244.6135,ETH/USDT
2023-04-19,2103.51,2104.6,1923.03,1933.73,775389.0602,ETH/USDT
2023-04-20,1933.74,1982.99,1914.43,1942.98,625336.2495,ETH/USDT
2023-04-21,1942.98,1957.27,1825.0,1848.78,688876.6186,ETH/USDT
2023-04-22,1848.77,1887.31,1841.64,1874.16,331007.5879,ETH/USDT
2023-04-23,1874.17,1882.01,1836.37,1862.0,344514.3444,ETH/USDT
2023-04-24,1862.01,1890.0,1806.0,1841.84,447864.0517,ETH/USDT
2023-04-25,1841.84,1877.86,1801.66,1866.1,457870.6047,ETH/USDT
2023-04-26,1866.1,1964.72,1785.0,1866.01,897709.7298,ETH/USDT
2023-04-27,1866.01,1940.96,1861.19,1908.68,727472.9466,ETH/USDT
2023-04-28,1908.68,1923.88,1873.94,1890.94,387630.7791,ETH/USDT
2023-04-29,1890.93,1918.0,1883.05,1907.8,182046.1406,ETH/USDT
2023-04-30,1907.79,1939.0,1866.16,1870.09,355336.4888,ETH/USDT
2023-05-01,1870.08,1886.49,1806.12,1830.73,445519.1779,ETH/USDT
2023-05-02,1830.73,1881.87,1822.94,1870.08,373753.2027,ETH/USDT
2023-05-03,1870.09,1916.52,1842.64,1905.12,465185.2501,ETH/USDT
2023-05-04,1905.12,1918.26,1866.71,1877.07,354528.6144,ETH/USDT
2023-05-05,1877.07,1998.36,1875.65,1993.3,546608.875,ETH/USDT
2023-05-06,1993.3,2019.0,1860.0,1896.33,608106.9915,ETH/USDT
2023-05-07,1896.33,1933.33,1867.59,1870.4,413268.8357,ETH/USDT
2023-05-08,1870.41,1883.97,1810.73,1847.56,625316.6168,ETH/USDT
2023-05-09,1847.55,1861.88,1830.99,1846.52,304396.186,ETH/USDT
2023-05-10,1846.53,1887.47,1790.51,1840.84,639933.3855,ETH/USDT
2023-05-11,1840.83,1842.02,1772.68,1794.3,522096.0725,ETH/USDT
2023-05-12,1794.31,1818.63,1740.0,1807.45,565539.8309,ETH/USDT
2023-05-13,1807.45,1817.03,1785.23,1795.11,212895.4373,ETH/USDT
2023-05-14,1795.12,1824.0,1789.82,1799.21,218101.0977,ETH/USDT
2023-05-15,1799.2,1846.7,1785.05,1816.2,388171.9261,ETH/USDT
2023-05-16,1816.21,1832.64,1796.2,1824.21,311238.6786,ETH/USDT
2023-05-17,1824.21,1837.5,1783.68,1822.12,352097.9913,ETH/USDT
2023-05-18,1822.12,1831.92,1771.12,1800.56,293755.311,ETH/USDT
2023-05-19,1800.56,1829.54,1796.81,1812.32,243116.4676,ETH/USDT
2023-05-20,1812.31,1828.87,1807.06,1819.42,127754.4349,ETH/USDT
2023-05-21,1819.42,1828.98,1797.21,1804.91,161517.8053,ETH/USDT
2023-05-22,1804.91,1828.27,1792.01,1817.35,237498.9423,ETH/USDT
2023-05-23,1817.36,1872.5,1815.24,1854.05,396869.6097,ETH/USDT
2023-05-24,1854.06,1854.09,1777.6,1799.89,420846.1445,ETH/USDT
2023-05-25,1799.89,1818.81,1761.41,1805.6,350633.0089,ETH/USDT
2023-05-26,1805.61,1838.2,1796.99,1827.79,275690.6854,ETH/USDT
2023-05-27,1827.8,1836.12,1812.18,1829.89,138824.9406,ETH/USDT
2023-05-28,1829.89,1918.65,1823.6,1908.64,378392.4371,ETH/USDT
2023-05-29,1908.64,1927.62,1873.65,1892.6,313593.4942,ETH/USDT
2023-05-30,1892.6,1917.0,1881.19,1900.59,272665.8402,ETH/USDT
2023-05-31,1900.58,1907.13,1846.95,1873.63,319255.5681,ETH/USDT
2023-06-01,1873.63,1889.2,1840.0,1861.78,270496.6097,ETH/USDT
2023-06-02,1861.78,1910.0,1847.51,1906.68,313004.0658,ETH/USDT
2023-06-03,1906.69,1907.92,1881.6,1892.06,148818.2427,ETH/USDT
2023-06-04,1892.05,1914.63,1884.22,1890.01,172683.0119,ETH/USDT
2023-06-05,1890.0,1890.63,1778.0,1810.5,555361.2683,ETH/USDT
2023-06-06,1810.49,1898.29,1797.18,1884.64,491407.2174,ETH/USDT
2023-06-07,1884.65,1897.8,1821.18,1832.13,429196.7064,ETH/USDT
2023-06-08,1832.12,1861.28,1828.31,1845.64,189270.4853,ETH/USDT
2023-06-09,1845.65,1855.0,1827.0,1840.37,198324.3252,ETH/USDT
2023-06-10,1840.37,1844.99,1715.03,1751.53,652324.6695,ETH/USDT
2023-06-11,1751.52,1778.25,1738.72,1752.76,219956.2434,ETH/USDT
2023-06-12,1752.77,1759.33,1720.0,1742.57,302132.4819,ETH/USDT
2023-06-13,1742.57,1770.13,1724.22,1740.12,284268.0018,ETH/USDT
2023-06-14,1740.12,1750.03,1630.43,1650.95,415847.327,ETH/USDT
2023-06-15,1650.95,1680.91,1626.01,1666.96,370774.7696,ETH/USDT
2023-06-16,1666.96,1729.5,1649.86,1717.92,311734.5904,ETH/USDT
2023-06-17,1717.91,1770.0,1714.26,1727.76,210914.9216,ETH/USDT
2023-06-18,1727.75,1747.84,1712.0,1720.95,156535.0128,ETH/USDT
2023-06-19,1720.95,1752.19,1698.0,1737.11,245162.7589,ETH/USDT
2023-06-20,1737.1,1796.99,1714.72,1791.99,328855.6846,ETH/USDT
2023-06-21,1791.99,1901.0,1787.38,1889.11,613755.8869,ETH/USDT
2023-06-22,1889.1,1933.17,1865.98,1872.01,416714.5719,ETH/USDT
2023-06-23,1872.0,1936.42,1861.01,1892.63,401147.9324,ETH/USDT
2023-06-24,1892.63,1906.0,1864.77,1874.96,226910.2941,ETH/USDT
2023-06-25,1874.95,1930.0,1868.83,1898.8,338757.6158,ETH/USDT
2023-06-26,1898.8,1909.1,1837.18,1858.97,458743.861,ETH/USDT
2023-06-27,1858.97,1912.53,1855.19,1889.58,366634.5707,ETH/USDT
2023-06-28,1889.58,1890.19,1816.56,1828.02,337836.5792,ETH/USDT
2023-06-29,1828.03,1880.0,1827.84,1851.99,241844.8281,ETH/USDT
2023-06-30,1851.99,1948.6,1825.01,1933.79,716538.1035,ETH/USDT
2023-07-01,1933.8,1944.56,1909.44,1924.5,178373.3688,ETH/USDT
2023-07-02,1924.5,1959.2,1885.75,1937.48,255852.7832,ETH/USDT
2023-07-03,1937.49,1976.16,1933.55,1955.54,322102.4295,ETH/USDT
2023-07-04,1955.55,1967.08,1931.58,1936.2,205525.0984,ETH/USDT
2023-07-05,1936.19,1942.5,1894.51,1910.36,267633.4783,ETH/USDT
2023-07-06,1910.35,1958.0,1846.0,1846.17,456362.741,ETH/USDT
2023-07-07,1846.17,1878.0,1826.0,1870.91,232944.3466,ETH/USDT
2023-07-08,1870.92,1876.0,1842.8,1865.24,125819.8273,ETH/USDT
2023-07-09,1865.24,1879.36,1856.15,1862.8,135046.3743,ETH/USDT
2023-07-10,1862.81,1905.5,1846.63,1880.4,247868.1494,ETH/USDT
2023-07-11,1880.41,1891.99,1862.38,1878.3,177771.6117,ETH/USDT
2023-07-12,1878.31,1902.0,1864.37,1871.82,264406.8673,ETH/USDT
2023-07-13,1871.82,2012.63,1862.59,2004.49,548861.4207,ETH/USDT
2023-07-14,2004.49,2029.11,1898.39,1937.83,498724.0359,ETH/USDT
2023-07-15,1937.82,1946.37,1926.23,1931.41,135181.7663,ETH/USDT
2023-07-16,1931.41,1943.55,1914.0,1922.11,148667.1051,ETH/USDT
2023-07-17,1922.12,1936.18,1873.26,1911.2,277159.0349,ETH/USDT
2023-07-18,1911.21,1917.19,1875.73,1897.21,215780.5006,ETH/USDT
2023-07-19,1897.21,1922.04,1882.17,1888.63,218045.0005,ETH/USDT
2023-07-20,1888.64,1929.05,1878.0,1891.59,292907.5164,ETH/USDT
2023-07-21,1891.59,1905.74,1884.64,1891.73,165554.0428,ETH/USDT
2023-07-22,1891.73,1897.35,1851.18,1866.52,131901.6487,ETH/USDT
2023-07-23,1866.52,1905.25,1857.82,1888.73,153501.0178,ETH/USDT
2023-07-24,1888.74,1890.86,1833.19,1850.0,276504.5547,ETH/USDT
2023-07-25,1850.0,1868.71,1845.45,1857.66,152251.21,ETH/USDT
2023-07-26,1857.66,1888.0,1848.35,1872.0,272090.5333,ETH/USDT
2023-07-27,1871.99,1886.11,1854.84,1861.28,163766.4259,ETH/USDT
2023-07-28,1861.29,1883.39,1856.52,1874.19,138695.7147,ETH/USDT
2023-07-29,1874.2,1886.58,1869.54,1880.46,72867.0269,ETH/USDT
2023-07-30,1880.45,1885.3,1848.17,1861.79,158657.5902,ETH/USDT
2023-07-31,1861.79,1877.4,1851.02,1856.14,168204.4534,ETH/USDT
2023-08-01,1856.13,1875.62,1813.8,1873.47,358476.0966,ETH/USDT
2023-08-02,1873.48,1879.74,1821.21,1839.9,254213.0553,ETH/USDT
2023-08-03,1839.9,1859.12,1826.0,1835.81,171148.052,ETH/USDT
2023-08-04,1835.81,1851.31,1815.74,1830.23,187699.4552,ETH/USDT
2023-08-05,1830.24,1839.0,1827.5,1836.48,93657.3255,ETH/USDT
2023-08-06,1836.48,1838.58,1825.86,1830.28,90403.9915,ETH/USDT
2023-08-07,1830.28,1847.0,1802.0,1829.1,224092.9059,ETH/USDT
2023-08-08,1829.1,1876.51,1826.33,1856.3,236336.03,ETH/USDT
2023-08-09,1856.3,1871.99,1846.28,1855.35,191926.8343,ETH/USDT
2023-08-10,1855.36,1865.95,1845.38,1852.47,127321.4553,ETH/USDT
2023-08-11,1852.47,1857.26,1838.05,1848.84,113209.3103,ETH/USDT
2023-08-12,1848.84,1854.01,1846.08,1849.93,63292.6476,ETH/USDT
2023-08-13,1849.94,1862.0,1834.51,1840.73,120674.1364,ETH/USDT
2023-08-14,1840.73,1856.5,1835.0,1845.5,150196.1203,ETH/USDT
2023-08-15,1845.5,1847.36,1814.0,1828.98,186081.6989,ETH/USDT
2023-08-16,1828.98,1831.52,1798.17,1807.81,205430.7368,ETH/USDT
2023-08-17,1807.81,1809.99,1550.0,1681.49,812138.2159,ETH/USDT
2023-08-18,1681.49,1699.4,1641.02,1661.59,538083.1018,ETH/USDT
2023-08-19,1661.6,1696.72,1654.31,1669.67,231919.0485,ETH/USDT
2023-08-20,1669.68,1694.75,1662.03,1685.24,195623.5263,ETH/USDT
2023-08-21,1685.23,1688.59,1649.4,1667.55,250835.1518,ETH/USDT
2023-08-22,1667.56,1669.38,1580.0,1634.99,402012.045,ETH/USDT
2023-08-23,1635.0,1702.11,1629.05,1679.61,374761.1088,ETH/USDT
2023-08-24,1679.61,1683.37,1635.28,1661.16,231539.7805,ETH/USDT
2023-08-25,1661.16,1677.22,1635.51,1653.8,236261.6898,ETH/USDT
2023-08-26,1653.79,1655.59,1644.0,1647.04,79175.425,ETH/USDT
2023-08-27,1647.03,1660.24,1646.32,1658.33,87789.9196,ETH/USDT
2023-08-28,1658.33,1664.34,1621.75,1653.08,214351.0143,ETH/USDT
2023-08-29,1653.08,1745.84,1640.0,1729.42,494371.0823,ETH/USDT
2023-08-30,1729.41,1730.93,1694.34,1705.23,202841.4402,ETH/USDT
2023-08-31,1705.23,1729.0,1630.0,1645.76,330518.2668,ETH/USDT
2023-09-01,1645.77,1654.53,1602.33,1629.12,302406.1686,ETH/USDT
2023-09-02,1629.13,1645.0,1628.03,1637.03,102145.9476,ETH/USDT
2023-09-03,1637.02,1647.5,1625.14,1635.84,116767.2862,ETH/USDT
2023-09-04,1635.84,1644.82,1616.32,1630.51,168010.9056,ETH/USDT
2023-09-05,1630.52,1648.02,1609.69,1634.45,204365.4907,ETH/USDT
2023-09-06,1634.46,1670.0,1609.2,1633.15,219541.0193,ETH/USDT
2023-09-07,1633.15,1660.0,1623.4,1648.11,228558.2782,ETH/USDT
2023-09-08,1648.11,1658.93,1616.21,1636.44,221570.0458,ETH/USDT
2023-09-09,1636.43,1637.52,1629.74,1635.54,58519.6229,ETH/USDT
2023-09-10,1635.53,1635.7,1600.0,1617.42,207957.8428,ETH/USDT
2023-09-11,1617.42,1619.0,1531.01,1551.85,417424.8189,ETH/USDT
2023-09-12,1551.84,1626.0,1549.67,1592.97,329739.9685,ETH/USDT
2023-09-13,1592.97,1619.3,1581.88,1607.62,223409.2889,ETH/USDT
2023-09-14,1607.61,1644.29,1607.05,1626.47,275301.1505,ETH/USDT
2023-09-15,1626.48,1654.08,1611.42,1641.29,181340.024,ETH/USDT
2023-09-16,1641.3,1653.17,1631.31,1634.4,99555.4671,ETH/USDT
2023-09-17,1634.4,1635.0,1612.0,1622.48,120227.4117,ETH/USDT
2023-09-18,1622.48,1669.5,1603.88,1636.66,279041.6978,ETH/USDT
2023-09-19,1636.66,1661.04,1626.32,1643.12,184282.4258,ETH/USDT
2023-09-20,1643.13,1649.34,1604.51,1622.26,232844.2347,ETH/USDT
2023-09-21,1622.27,1625.3,1567.77,1583.94,240627.544,ETH/USDT
2023-09-22,1583.94,1602.68,1576.58,1593.08,124886.091,ETH/USDT
2023-09-23,1593.07,1598.24,1587.45,1593.86,64537.1341,ETH/USDT
2023-09-24,1593.85,1601.12,1570.01,1580.71,137517.8533,ETH/USDT
2023-09-25,1580.71,1597.5,1563.01,1588.33,176706.9277,ETH/USDT
2023-09-26,1588.34,1599.78,1580.05,1594.01,125583.0161,ETH/USDT
2023-09-27,1594.02,1634.1,1583.5,1598.64,274404.4328,ETH/USDT
2023-09-28,1598.63,1668.21,1598.14,1652.99,331409.7015,ETH/USDT
2023-09-29,1653.0,1688.0,1648.37,1667.45,251975.6728,ETH/USDT
2023-09-30,1667.45,1694.32,1666.19,1670.89,136924.9141,ETH/USDT
2023-10-01,1670.89,1751.0,1668.0,1733.79,225611.5868,ETH/USDT
2023-10-02,1733.8,1744.0,1636.79,1662.4,378575.6898,ETH/USDT
2023-10-03,1662.41,1670.65,1643.0,1656.88,198287.1164,ETH/USDT
2023-10-04,1656.88,1657.66,1625.0,1646.58,222861.7167,ETH/USDT
2023-10-05,1646.58,1655.47,1606.73,1611.79,237378.7449,ETH/USDT
2023-10-06,1611.79,1662.0,1611.68,1645.03,220507.9286,ETH/USDT
2023-10-07,1645.03,1647.71,1630.03,1633.57,101241.5732,ETH/USDT
2023-10-08,1633.56,1641.4,1616.17,1632.84,149424.6635,ETH/USDT
2023-10-09,1632.85,1636.0,1546.0,1580.13,340141.0988,ETH/USDT
2023-10-10,1580.13,1594.9,1550.55,1567.63,240659.3287,ETH/USDT
2023-10-11,1567.62,1578.43,1544.26,1566.87,260253.9671,ETH/USDT
2023-10-12,1566.86,1568.56,1521.0,1539.61,237221.4977,ETH/USDT
2023-10-13,1539.61,1575.36,1537.76,1552.16,192205.8736,ETH/USDT
2023-10-14,1552.16,1561.72,1544.55,1554.94,100314.6754,ETH/USDT
2023-10-15,1554.94,1567.62,1547.44,1557.77,120311.2738,ETH/USDT
2023-10-16,1557.78,1639.43,1555.06,1599.42,418510.8644,ETH/USDT
2023-10-17,1599.41,1600.53,1551.08,1565.01,234817.0699,ETH/USDT
2023-10-18,1565.01,1585.42,1555.88,1563.44,177750.2253,ETH/USDT
2023-10-19,1563.45,1574.45,1541.61,1566.57,216217.6675,ETH/USDT
2023-10-20,1566.57,1630.4,1561.19,1603.89,315995.792,ETH/USDT
2023-10-21,1603.88,1644.53,1592.36,1628.94,176419.4092,ETH/USDT
2023-10-22,1628.94,1667.8,1621.1,1663.7,228650.9225,ETH/USDT
2023-10-23,1663.69,1800.0,1657.07,1765.46,610931.9663,ETH/USDT
2023-10-24,1765.47,1854.38,1756.21,1784.98,674055.1375,ETH/USDT
2023-10-25,1784.98,1817.69,1760.0,1787.15,354410.8294,ETH/USDT
2023-10-26,1787.15,1865.54,1762.21,1803.38,431169.0453,ETH/USDT
2023-10-27,1803.39,1803.91,1744.66,1779.4,274532.6921,ETH/USDT
2023-10-28,1779.41,1803.23,1770.0,1776.2,122919.7382,ETH/USDT
2023-10-29,1776.21,1811.3,1762.66,1795.14,144110.6508,ETH/USDT
2023-10-30,1795.14,1829.84,1777.77,1809.04,277686.192,ETH/USDT
2023-10-31,1809.03,1819.41,1780.99,1814.67,258074.5796,ETH/USDT
2023-11-01,1814.67,1857.66,1783.19,1846.99,471921.6184,ETH/USDT
2023-11-02,1846.99,1875.0,1785.01,1800.8,368738.2193,ETH/USDT
2023-11-03,1800.79,1834.58,1777.11,1832.71,315000.2678,ETH/USDT
2023-11-04,1832.7,1869.9,1824.03,1855.54,171538.0364,ETH/USDT
2023-11-05,1855.54,1912.67,1846.11,1891.71,383106.7628,ETH/USDT
2023-11-06,1891.71,1914.23,1868.48,1900.95,328746.2394,ETH/USDT
2023-11-07,1900.95,1906.99,1850.32,1885.27,332419.4406,ETH/USDT
2023-11-08,1885.26,1904.69,1872.51,1888.12,247881.0997,ETH/USDT
2023-11-09,1888.11,2132.0,1882.07,2121.32,1100330.3237,ETH/USDT
2023-11-10,2121.33,2136.99,2064.61,2077.72,555573.6495,ETH/USDT
2023-11-11,2077.72,2089.6,2030.3,2053.17,370966.0372,ETH/USDT
2023-11-12,2053.16,2066.5,2012.1,2044.68,281907.559,ETH/USDT
2023-11-13,2044.69,2118.0,2028.49,2053.65,529143.5815,ETH/USDT
2023-11-14,2053.65,2064.96,1936.6,1979.39,481909.733,ETH/USDT
2023-11-15,1979.4,2062.4,1967.01,2058.48,421870.8032,ETH/USDT
2023-11-16,2058.49,2090.4,1939.1,1961.77,545286.1297,ETH/USDT
2023-11-17,1961.77,1991.5,1904.0,1960.82,401100.5069,ETH/USDT
2023-11-18,1960.82,1971.22,1916.0,1962.6,279368.2208,ETH/USDT
2023-11-19,1962.59,2015.75,1942.89,2011.47,251132.6192,ETH/USDT
2023-11-20,2011.47,2066.4,1990.0,2021.4,421717.679,ETH/USDT
2023-11-21,2021.41,2034.6,1931.43,1933.01,490163.9863,ETH/USDT
2023-11-22,1933.01,2092.46,1928.41,2063.21,466120.5109,ETH/USDT
2023-11-23,2063.22,2088.94,2040.35,2062.2,250960.6958,ETH/USDT
2023-11-24,2062.21,2133.02,2059.37,2080.84,426932.5402,ETH/USDT
2023-11-25,2080.84,2090.54,2065.3,2083.09,138847.393,ETH/USDT
2023-11-26,2083.1,2094.99,2036.42,2062.33,241262.9136,ETH/USDT
2023-11-27,2062.34,2071.24,1985.78,2027.5,326073.2298,ETH/USDT
2023-11-28,2027.5,2075.0,1995.15,2048.14,283775.9279,ETH/USDT
2023-11-29,2048.14,2075.7,2019.31,2028.81,254843.7319,ETH/USDT
2023-11-30,2028.8,2054.75,2020.85,2051.96,243680.0921,ETH/USDT
2023-12-01,2051.95,2110.87,2045.04,2087.24,372645.586,ETH/USDT
2023-12-02,2087.24,2186.6,2086.25,2164.74,320979.9768,ETH/USDT
2023-12-03,2164.75,2217.27,2149.0,2192.95,257879.1136,ETH/USDT
2023-12-04,2192.96,2274.28,2191.0,2243.37,565307.7134,ETH/USDT
2023-12-05,2243.36,2309.72,2188.33,2293.33,529829.7214,ETH/USDT
2023-12-06,2293.33,2312.23,2220.0,2232.7,408338.9056,ETH/USDT
2023-12-07,2232.7,2382.8,2222.0,2355.73,485190.0609,ETH/USDT
2023-12-08,2355.74,2392.0,2336.34,2358.72,378569.8126,ETH/USDT
2023-12-09,2358.71,2403.0,2328.01,2340.49,287771.0664,ETH/USDT
2023-12-10,2340.48,2377.47,2320.0,2352.39,200037.2102,ETH/USDT
2023-12-11,2352.39,2355.0,2156.62,2225.12,640414.9166,ETH/USDT
2023-12-12,2225.11,2244.12,2166.0,2203.46,361588.9087,ETH/USDT
2023-12-13,2203.47,2284.02,2144.32,2260.16,418916.6154,ETH/USDT
2023-12-14,2260.16,2332.11,2228.2,2315.32,409508.0931,ETH/USDT
2023-12-15,2315.32,2317.81,2200.0,2220.5,333552.6328,ETH/USDT
2023-12-16,2220.51,2263.4,2210.0,2228.96,199285.923,ETH/USDT
2023-12-17,2228.96,2248.68,2191.5,2196.52,225925.7675,ETH/USDT
2023-12-18,2196.53,2224.0,2116.6,2219.43,364103.1181,ETH/USDT
2023-12-19,2219.44,2255.0,2135.55,2177.91,383551.4049,ETH/USDT
2023-12-20,2177.9,2266.0,2156.0,2202.17,416841.6272,ETH/USDT
2023-12-21,2202.17,2279.31,2182.98,2239.61,453069.7252,ETH/USDT
2023-12-22,2239.6,2343.15,2230.59,2324.54,591357.488,ETH/USDT
2023-12-23,2324.54,2330.65,2265.0,2308.2,255626.9352,ETH/USDT
2023-12-24,2308.2,2326.19,2245.0,2264.05,307951.076,ETH/USDT
2023-12-25,2264.04,2304.8,2253.1,2271.35,286277.1616,ETH/USDT
2023-12-26,2271.36,2274.99,2178.45,2230.88,410413.1591,ETH/USDT
2023-12-27,2230.88,2392.44,2211.88,2378.35,541537.3574,ETH/USDT
2023-12-28,2378.35,2445.8,2335.0,2344.15,580459.982,ETH/USDT
2023-12-29,2344.15,2385.41,2255.34,2299.2,450201.2069,ETH/USDT
2023-12-30,2299.2,2322.84,2268.0,2291.68,210539.1327,ETH/USDT
2023-12-31,2291.68,2321.34,2258.88,2281.87,222175.8779,ETH/USDT
2023-01-01,246.3,246.7,243.4,244.4,109450.117,BNB/USDT
2023-01-02,244.5,247.9,240.7,245.2,173452.9,BNB/USDT
2023-01-03,245.3,247.0,244.4,246.1,115059.991,BNB/USDT
2023-01-04,246.2,261.0,245.6,258.9,370055.082,BNB/USDT
2023-01-05,258.9,259.2,255.2,256.7,145297.963,BNB/USDT
2023-01-06,256.7,260.7,254.2,259.9,199497.076,BNB/USDT
2023-01-07,259.9,263.9,259.4,261.3,115152.77,BNB/USDT
2023-01-08,261.3,276.5,260.1,274.9,237308.89,BNB/USDT
2023-01-09,274.9,283.5,271.3,272.6,437828.428,BNB/USDT
2023-01-10,272.6,278.8,270.2,277.1,259938.562,BNB/USDT
2023-01-11,277.2,287.7,274.1,284.8,266107.304,BNB/USDT
2023-01-12,284.9,288.6,278.5,287.7,391553.641,BNB/USDT
2023-01-13,287.8,296.0,284.9,293.7,313541.811,BNB/USDT
2023-01-14,293.7,314.4,293.1,305.1,706402.087,BNB/USDT
2023-01-15,305.2,306.1,291.8,302.2,288696.868,BNB/USDT
2023-01-16,302.2,308.1,293.1,299.0,350990.993,BNB/USDT
2023-01-17,299.0,305.8,294.9,299.4,279993.876,BNB/USDT
2023-01-18,299.4,305.3,281.1,286.7,621064.665,BNB/USDT
2023-01-19,286.7,295.5,286.1,294.6,215522.146,BNB/USDT
2023-01-20,294.6,305.4,286.6,305.1,423829.136,BNB/USDT
2023-01-21,305.1,309.9,298.4,299.0,508000.024,BNB/USDT
2023-01-22,299.1,311.4,298.5,303.0,388815.192,BNB/USDT
2023-01-23,303.1,307.8,300.8,305.1,301946.005,BNB/USDT
2023-01-24,305.2,323.5,299.2,300.3,629758.279,BNB/USDT
2023-01-25,300.3,314.0,293.4,306.9,447238.539,BNB/USDT
2023-01-26,306.9,309.5,301.6,304.7,342344.705,BNB/USDT
2023-01-27,304.8,310.5,298.8,308.0,271326.79,BNB/USDT
2023-01-28,308.0,313.6,303.6,306.1,229517.8,BNB/USDT
2023-01-29,306.2,320.5,304.8,317.2,430698.673,BNB/USDT
2023-01-30,317.1,320.8,302.0,307.2,413716.212,BNB/USDT
2023-01-31,307.2,314.4,305.3,312.0,278061.958,BNB/USDT
2023-02-01,312.1,319.4,305.6,317.0,390978.523,BNB/USDT
2023-02-02,317.1,334.4,316.3,323.5,587655.881,BNB/USDT
2023-02-03,323.5,335.5,318.3,332.2,579577.162,BNB/USDT
2023-02-04,332.3,334.1,327.0,330.4,212109.626,BNB/USDT
2023-02-05,330.4,337.8,324.0,327.8,396514.711,BNB/USDT
2023-02-06,327.8,331.5,320.7,324.3,290965.0,BNB/USDT
2023-02-07,324.4,333.7,323.2,333.0,265904.833,BNB/USDT
2023-02-08,333.1,335.8,323.6,328.2,286865.867,BNB/USDT
2023-02-09,328.2,329.3,302.0,306.2,564612.572,BNB/USDT
2023-02-10,306.2,309.2,302.5,305.8,295784.976,BNB/USDT
2023-02-11,305.9,311.4,305.1,310.4,154488.761,BNB/USDT
2023-02-12,310.5,321.0,306.0,312.6,291500.27,BNB/USDT
2023-02-13,312.6,315.7,282.8,294.3,1065985.594,BNB/USDT
2023-02-14,294.3,301.7,289.8,296.2,494698.654,BNB/USDT
2023-02-15,296.2,317.7,294.0,317.4,465921.943,BNB/USDT
2023-02-16,317.5,327.8,303.9,304.4,858141.89,BNB/USDT
2023-02-17,304.4,317.5,302.8,313.0,508736.193,BNB/USDT
2023-02-18,313.0,319.2,312.9,316.5,282485.39,BNB/USDT
2023-02-19,316.6,318.9,310.3,311.5,336004.274,BNB/USDT
2023-02-20,311.5,319.8,308.0,315.4,514483.797,BNB/USDT
2023-02-21,315.5,317.4,309.3,311.5,385161.297,BNB/USDT
2023-02-22,311.5,312.9,303.2,312.4,368344.986,BNB/USDT
2023-02-23,312.5,315.3,305.8,308.3,300641.241,BNB/USDT
2023-02-24,308.3,312.1,298.6,302.3,328726.4,BNB/USDT
2023-02-25,302.3,303.0,295.5,302.4,178538.408,BNB/USDT
2023-02-26,302.5,309.8,300.7,308.7,151419.166,BNB/USDT
2023-02-27,308.7,309.4,300.5,304.6,234405.821,BNB/USDT
2023-02-28,304.7,305.7,300.0,301.4,186649.192,BNB/USDT
2023-03-01,301.5,306.4,300.5,302.7,200883.893,BNB/USDT
2023-03-02,302.6,303.8,295.8,299.8,200964.842,BNB/USDT
2023-03-03,299.8,300.0,286.6,290.4,266627.564,BNB/USDT
2023-03-04,290.5,291.5,285.8,289.6,127846.865,BNB/USDT
2023-03-05,289.6,292.8,287.4,288.7,128456.559,BNB/USDT
2023-03-06,288.8,289.7,283.3,287.8,205220.757,BNB/USDT
2023-03-07,287.9,290.5,283.4,289.3,200611.357,BNB/USDT
2023-03-08,289.3,294.3,285.1,287.1,260938.374,BNB/USDT
2023-03-09,287.1,291.4,271.2,277.1,318996.851,BNB/USDT
2023-03-10,277.1,278.1,265.0,277.4,404292.972,BNB/USDT
2023-03-11,277.5,281.8,270.5,276.0,370350.207,BNB/USDT
2023-03-12,276.0,288.8,273.2,288.1,316243.117,BNB/USDT
2023-03-13,288.1,314.1,286.1,307.9,991752.464,BNB/USDT
2023-03-14,307.9,319.5,302.0,308.4,703702.208,BNB/USDT
2023-03-15,308.5,312.7,300.0,306.3,413251.773,BNB/USDT
2023-03-16,306.3,332.8,302.8,329.4,1251303.89,BNB/USDT
2023-03-17,329.4,340.0,325.0,338.9,726737.468,BNB/USDT
2023-03-18,339.0,346.3,328.0,331.0,662698.511,BNB/USDT
2023-03-19,331.1,341.7,330.3,336.7,401972.619,BNB/USDT
2023-03-20,336.7,339.1,331.3,332.5,511504.522,BNB/USDT
2023-03-21,332.5,339.9,327.1,334.4,477443.689,BNB/USDT
2023-03-22,334.5,339.5,316.0,321.1,1286215.777,BNB/USDT
2023-03-23,321.2,332.1,318.9,329.4,383094.591,BNB/USDT
2023-03-24,329.4,330.0,316.9,322.1,307030.002,BNB/USDT
2023-03-25,322.1,324.9,319.0,322.4,317118.332,BNB/USDT
2023-03-26,322.4,329.5,321.7,328.6,204700.193,BNB/USDT
2023-03-27,328.6,329.8,305.9,310.6,578039.555,BNB/USDT
2023-03-28,310.6,315.8,306.8,313.2,329398.424,BNB/USDT
2023-03-29,313.3,319.9,312.4,313.7,327282.226,BNB/USDT
2023-03-30,313.8,320.8,309.1,316.4,496156.738,BNB/USDT
2023-03-31,316.4,319.8,311.8,316.9,266270.064,BNB/USDT
2023-04-01,317.0,319.0,313.0,314.9,185904.183,BNB/USDT
2023-04-02,314.9,316.2,310.7,313.7,149805.667,BNB/USDT
2023-04-03,313.8,314.1,299.5,308.8,450976.973,BNB/USDT
2023-04-04,308.8,312.7,308.2,310.8,305980.475,BNB/USDT
2023-04-05,310.8,316.8,310.2,313.9,320350.363,BNB/USDT
2023-04-06,314.0,315.2,310.6,312.3,232647.147,BNB/USDT
2023-04-07,312.3,312.8,309.7,310.3,179863.362,BNB/USDT
2023-04-08,310.4,312.7,310.1,310.5,165372.944,BNB/USDT
2023-04-09,310.6,313.7,309.5,312.8,163948.725,BNB/USDT
2023-04-10,312.8,318.7,311.5,318.5,271539.24,BNB/USDT
2023-04-11,318.6,333.0,317.8,322.3,661117.672,BNB/USDT
2023-04-12,322.3,323.3,316.7,319.9,354216.724,BNB/USDT
2023-04-13,319.9,325.1,317.7,324.7,348151.945,BNB/USDT
2023-04-14,324.6,335.5,323.2,328.9,679955.061,BNB/USDT
2023-04-15,328.8,336.0,326.9,333.0,418311.143,BNB/USDT
2023-04-16,333.1,350.0,330.1,347.7,632598.777,BNB/USDT
2023-04-17,347.7,350.0,337.5,340.0,556356.468,BNB/USDT
2023-04-18,340.0,346.7,337.0,343.1,391677.437,BNB/USDT
2023-04-19,343.1,343.7,320.1,322.4,537444.082,BNB/USDT
2023-04-20,322.5,326.8,315.3,318.1,367453.933,BNB/USDT
2023-04-21,318.0,334.6,315.3,321.2,910773.894,BNB/USDT
2023-04-22,321.3,333.1,319.9,332.2,381882.032,BNB/USDT
2023-04-23,332.2,332.5,327.4,330.7,384622.154,BNB/USDT
2023-04-24,330.6,334.0,327.7,331.2,442775.294,BNB/USDT
2023-04-25,331.2,340.0,328.6,338.4,436704.883,BNB/USDT
2023-04-26,338.4,345.0,321.5,330.6,679551.584,BNB/USDT
2023-04-27,330.6,336.6,328.2,330.9,482850.957,BNB/USDT
2023-04-28,330.9,330.9,318.7,324.1,991210.156,BNB/USDT
2023-04-29,324.1,325.0,320.6,321.9,226488.689,BNB/USDT
2023-04-30,321.9,338.3,320.4,337.5,711720.726,BNB/USDT
2023-05-01,337.5,339.6,326.1,328.5,719404.912,BNB/USDT
2023-05-02,328.4,328.5,321.4,321.5,437446.281,BNB/USDT
2023-05-03,321.4,327.6,320.4,325.9,608765.389,BNB/USDT
2023-05-04,325.9,327.5,323.2,323.8,195370.268,BNB/USDT
2023-05-05,323.9,329.1,322.8,326.5,284536.108,BNB/USDT
2023-05-06,326.6,328.5,319.5,321.9,275367.716,BNB/USDT
2023-05-07,322.0,325.4,320.4,321.0,203577.219,BNB/USDT
2023-05-08,321.0,322.1,311.1,313.8,379192.119,BNB/USDT
2023-05-09,313.8,315.8,311.2,312.1,260672.045,BNB/USDT
2023-05-10,312.2,316.7,308.0,314.3,360146.811,BNB/USDT
2023-05-11,314.3,314.5,304.4,307.5,291854.667,BNB/USDT
2023-05-12,307.5,309.1,301.2,308.5,327008.927,BNB/USDT
2023-05-13,308.6,311.8,307.5,310.7,151642.554,BNB/USDT
2023-05-14,310.8,314.8,309.5,312.1,192884.821,BNB/USDT
2023-05-15,312.1,316.3,310.5,313.4,202895.171,BNB/USDT
2023-05-16,313.4,314.0,309.3,311.4,182668.214,BNB/USDT
2023-05-17,311.4,314.4,307.0,314.3,221274.514,BNB/USDT
2023-05-18,314.3,314.9,306.1,309.3,236575.286,BNB/USDT
2023-05-19,309.3,311.5,307.5,308.9,191704.812,BNB/USDT
2023-05-20,308.9,312.0,307.8,310.6,104485.905,BNB/USDT
2023-05-21,310.7,311.6,305.7,306.4,143182.429,BNB/USDT
2023-05-22,306.4,311.1,304.4,309.0,222082.435,BNB/USDT
2023-05-23,309.1,315.4,309.0,313.5,225830.19,BNB/USDT
2023-05-24,313.5,313.6,303.6,306.0,292692.62,BNB/USDT
2023-05-25,305.9,306.9,302.2,304.5,287322.502,BNB/USDT
2023-05-26,304.6,308.5,301.4,306.8,398588.895,BNB/USDT
2023-05-27,306.9,307.7,304.0,307.4,144742.086,BNB/USDT
2023-05-28,307.4,314.6,306.7,314.1,257233.179,BNB/USDT
2023-05-29,314.2,317.3,310.4,311.6,461485.115,BNB/USDT
2023-05-30,311.7,314.2,310.8,311.5,291304.59,BNB/USDT
2023-05-31,311.4,311.9,305.0,306.8,437132.418,BNB/USDT
2023-06-01,306.8,307.7,303.1,304.9,255618.722,BNB/USDT
2023-06-02,304.9,308.4,303.1,307.2,300583.675,BNB/USDT
2023-06-03,307.3,308.2,303.0,306.6,158805.926,BNB/USDT
2023-06-04,306.6,307.6,304.5,305.0,187805.427,BNB/USDT
2023-06-05,305.1,305.1,272.0,276.9,1096020.019,BNB/USDT
2023-06-06,277.0,285.8,273.2,281.2,708685.58,BNB/USDT
2023-06-07,281.2,281.8,253.4,259.3,1188263.837,BNB/USDT
2023-06-08,259.3,267.5,257.1,262.0,579854.02,BNB/USDT
2023-06-09,261.9,264.4,255.7,260.5,509660.501,BNB/USDT
2023-06-10,260.6,260.7,228.4,238.7,1603602.202,BNB/USDT
2023-06-11,238.8,239.3,233.4,235.4,402562.359,BNB/USDT
2023-06-12,235.4,239.3,220.4,231.3,1579141.84,BNB/USDT
2023-06-13,231.3,247.0,228.7,244.2,1230681.021,BNB/USDT
2023-06-14,244.1,252.8,232.9,237.9,970411.718,BNB/USDT
2023-06-15,237.9,240.8,230.6,236.4,602141.969,BNB/USDT
2023-06-16,236.5,243.8,232.2,239.3,562586.529,BNB/USDT
2023-06-17,239.4,249.8,237.2,244.5,491313.272,BNB/USDT
2023-06-18,244.5,248.7,242.3,244.1,359878.981,BNB/USDT
2023-06-19,244.1,245.0,238.3,243.1,425074.269,BNB/USDT
2023-06-20,243.0,248.1,238.7,247.7,639069.672,BNB/USDT
2023-06-21,247.8,254.7,245.0,248.8,1006328.557,BNB/USDT
2023-06-22,248.9,257.0,239.4,240.8,1032630.471,BNB/USDT
2023-06-23,240.8,249.8,239.7,244.3,638290.193,BNB/USDT
2023-06-24,244.4,248.7,230.4,236.4,791496.05,BNB/USDT
2023-06-25,236.4,244.0,235.0,238.8,513198.598,BNB/USDT
2023-06-26,238.9,241.3,233.6,236.1,526248.09,BNB/USDT
2023-06-27,236.1,240.8,234.5,237.5,360259.85,BNB/USDT
2023-06-28,237.5,237.6,224.6,230.6,643304.047,BNB/USDT
2023-06-29,230.6,236.7,230.4,233.1,352025.974,BNB/USDT
2023-06-30,233.2,241.7,230.7,240.3,843439.594,BNB/USDT
2023-07-01,240.4,249.0,240.0,247.9,723099.401,BNB/USDT
2023-07-02,247.8,248.5,242.9,246.5,598172.063,BNB/USDT
2023-07-03,246.5,254.7,245.3,246.5,873992.727,BNB/USDT
2023-07-04,246.5,246.9,240.4,242.5,488909.055,BNB/USDT
2023-07-05,242.5,243.9,235.8,238.9,520015.694,BNB/USDT
2023-07-06,239.0,244.5,231.5,232.2,673275.441,BNB/USDT
2023-07-07,232.3,236.2,231.1,235.6,431534.586,BNB/USDT
2023-07-08,235.7,237.6,234.2,236.3,259727.721,BNB/USDT
2023-07-09,236.3,237.0,232.9,234.1,235123.329,BNB/USDT
2023-07-10,234.1,247.0,231.3,246.2,1193826.524,BNB/USDT
2023-07-11,246.2,249.5,244.6,248.6,660141.384,BNB/USDT
2023-07-12,248.6,250.5,242.6,243.9,599390.712,BNB/USDT
2023-07-13,243.9,257.8,242.7,256.1,1037831.391,BNB/USDT
2023-07-14,256.2,261.7,243.4,248.1,1071118.696,BNB/USDT
2023-07-15,248.1,252.5,246.9,251.1,383772.673,BNB/USDT
2023-07-16,251.1,252.1,242.0,242.3,433016.609,BNB/USDT
2023-07-17,242.3,244.9,239.8,244.1,792745.158,BNB/USDT
2023-07-18,244.1,246.7,237.5,240.2,932504.771,BNB/USDT
2023-07-19,240.3,244.1,239.6,240.8,444676.507,BNB/USDT
2023-07-20,240.9,245.0,240.3,242.8,449387.8,BNB/USDT
2023-07-21,242.8,245.4,242.0,243.7,295187.787,BNB/USDT
2023-07-22,243.8,244.9,240.1,241.1,184432.523,BNB/USDT
2023-07-23,241.1,244.0,240.4,242.5,171931.133,BNB/USDT
2023-07-24,242.4,243.1,235.0,238.9,463451.698,BNB/USDT
2023-07-25,238.9,239.8,236.2,237.7,307201.312,BNB/USDT
2023-07-26,237.8,240.4,236.3,239.0,318667.814,BNB/USDT
2023-07-27,239.0,244.5,238.4,240.6,310179.989,BNB/USDT
2023-07-28,240.7,242.9,239.7,241.9,232739.179,BNB/USDT
2023-07-29,241.9,242.9,241.1,242.4,102406.899,BNB/USDT
2023-07-30,242.5,243.8,240.3,242.5,255246.532,BNB/USDT
2023-07-31,242.6,244.5,240.5,241.0,333099.771,BNB/USDT
2023-08-01,241.0,247.8,237.3,247.7,813075.175,BNB/USDT
2023-08-02,247.8,248.8,235.7,240.7,630364.599,BNB/USDT
2023-08-03,240.7,242.8,238.3,241.1,303966.677,BNB/USDT
2023-08-04,241.1,243.4,240.2,241.7,274715.344,BNB/USDT
2023-08-05,241.7,243.3,240.1,243.2,176422.282,BNB/USDT
2023-08-06,243.3,245.5,242.8,243.2,278149.257,BNB/USDT
2023-08-07,243.1,244.9,239.7,242.1,302098.545,BNB/USDT
2023-08-08,242.0,248.0,241.5,245.2,377607.574,BNB/USDT
2023-08-09,245.2,245.5,242.8,243.8,294212.606,BNB/USDT
2023-08-10,243.9,244.1,240.5,241.5,261873.92,BNB/USDT
2023-08-11,241.5,242.3,238.0,239.7,287357.204,BNB/USDT
2023-08-12,239.8,241.4,239.3,240.3,114025.156,BNB/USDT
2023-08-13,240.3,241.8,239.8,240.2,132878.878,BNB/USDT
2023-08-14,240.2,241.5,239.7,240.4,201261.953,BNB/USDT
2023-08-15,240.5,240.8,234.0,236.7,397828.347,BNB/USDT
2023-08-16,236.8,237.4,230.7,232.0,427014.475,BNB/USDT
2023-08-17,232.1,232.4,212.5,218.1,1023773.861,BNB/USDT
2023-08-18,218.1,220.3,213.5,216.1,674545.267,BNB/USDT
2023-08-19,216.0,219.2,213.6,216.8,323294.673,BNB/USDT
2023-08-20,216.9,218.0,215.4,216.5,190457.433,BNB/USDT
2023-08-21,216.6,216.9,206.2,210.4,782096.622,BNB/USDT
2023-08-22,210.4,213.0,203.4,210.9,875925.591,BNB/USDT
2023-08-23,210.9,218.8,210.8,216.6,646096.521,BNB/USDT
2023-08-24,216.7,221.2,215.6,219.0,368866.011,BNB/USDT
2023-08-25,219.0,219.6,213.7,218.4,380692.105,BNB/USDT
2023-08-26,218.5,219.3,216.1,216.5,146835.271,BNB/USDT
2023-08-27,216.4,219.8,215.9,218.4,186853.184,BNB/USDT
2023-08-28,218.4,219.5,215.1,218.8,310319.442,BNB/USDT
2023-08-29,218.8,234.8,217.0,226.9,666199.649,BNB/USDT
2023-08-30,226.9,227.3,221.7,223.8,305094.438,BNB/USDT
2023-08-31,223.8,226.0,214.4,216.7,452017.913,BNB/USDT
2023-09-01,216.7,218.4,211.2,213.7,461833.238,BNB/USDT
2023-09-02,213.7,215.9,213.0,214.4,207729.726,BNB/USDT
2023-09-03,214.4,215.2,213.2,214.4,168458.242,BNB/USDT
2023-09-04,214.4,216.5,213.1,215.2,305315.445,BNB/USDT
2023-09-05,215.3,216.1,213.5,214.6,242764.079,BNB/USDT
2023-09-06,214.6,218.8,211.8,215.2,300823.424,BNB/USDT
2023-09-07,215.2,217.9,213.6,217.1,247735.496,BNB/USDT
2023-09-08,217.1,218.8,213.4,214.7,235244.296,BNB/USDT
2023-09-09,214.7,215.4,214.1,214.1,94752.246,BNB/USDT
2023-09-10,214.2,214.3,211.1,212.4,281482.379,BNB/USDT
2023-09-11,212.4,212.7,203.9,206.1,580093.123,BNB/USDT
2023-09-12,206.2,214.3,204.9,210.7,523734.999,BNB/USDT
2023-09-13,210.8,213.3,209.3,212.5,301454.875,BNB/USDT
2023-09-14,212.5,215.0,211.0,212.2,354022.553,BNB/USDT
2023-09-15,212.2,215.0,210.9,214.1,312856.997,BNB/USDT
2023-09-16,214.1,216.0,213.3,214.9,288697.085,BNB/USDT
2023-09-17,214.9,216.8,213.3,216.5,333002.468,BNB/USDT
2023-09-18,216.4,221.3,214.9,216.0,600156.61,BNB/USDT
2023-09-19,216.0,219.9,215.3,217.2,347261.748,BNB/USDT
2023-09-20,217.2,217.8,213.3,214.4,368825.746,BNB/USDT
2023-09-21,214.3,215.1,209.1,210.8,412312.209,BNB/USDT
2023-09-22,210.8,213.0,209.6,211.1,237677.235,BNB/USDT
2023-09-23,211.1,211.7,209.9,210.5,117618.21,BNB/USDT
2023-09-24,210.4,211.2,206.5,208.3,185179.502,BNB/USDT
2023-09-25,208.3,210.6,206.5,209.9,272401.465,BNB/USDT
2023-09-26,210.0,213.7,209.7,212.6,280709.589,BNB/USDT
2023-09-27,212.6,216.0,210.5,212.0,409367.397,BNB/USDT
2023-09-28,212.1,217.0,211.5,215.0,394085.543,BNB/USDT
2023-09-29,215.0,217.6,214.3,215.2,371923.961,BNB/USDT
2023-09-30,215.2,216.5,214.1,214.6,179075.156,BNB/USDT
2023-10-01,214.6,219.4,213.1,218.2,415044.578,BNB/USDT
2023-10-02,218.2,221.6,213.1,214.6,565949.136,BNB/USDT
2023-10-03,214.6,215.8,212.4,213.5,294511.083,BNB/USDT
2023-10-04,213.5,213.8,210.8,213.4,328882.49,BNB/USDT
2023-10-05,213.4,213.9,210.2,210.6,259374.039,BNB/USDT
2023-10-06,210.7,214.6,210.1,213.4,258866.553,BNB/USDT
2023-10-07,213.4,213.8,211.5,212.3,125590.792,BNB/USDT
2023-10-08,212.2,212.8,208.8,211.4,225258.305,BNB/USDT
2023-10-09,211.3,212.2,202.0,205.8,572318.205,BNB/USDT
2023-10-10,205.9,213.1,205.5,208.6,577725.014,BNB/USDT
2023-10-11,208.6,208.8,204.3,206.6,397200.817,BNB/USDT
2023-10-12,206.6,207.3,202.8,205.1,355516.958,BNB/USDT
2023-10-13,205.1,208.3,204.3,206.1,331300.92,BNB/USDT
2023-10-14,206.1,207.1,205.7,206.5,142741.132,BNB/USDT
2023-10-15,206.5,213.0,206.3,209.7,365630.554,BNB/USDT
2023-10-16,209.8,219.0,209.6,214.6,773179.81,BNB/USDT
2023-10-17,214.7,215.0,209.0,211.4,372808.016,BNB/USDT
2023-10-18,211.4,213.9,209.9,210.2,260942.338,BNB/USDT
2023-10-19,210.3,211.5,208.2,211.2,274491.489,BNB/USDT
2023-10-20,211.2,216.6,210.5,212.1,344927.206,BNB/USDT
2023-10-21,212.1,215.8,211.4,214.2,263182.512,BNB/USDT
2023-10-22,214.2,218.4,213.6,217.8,291845.069,BNB/USDT
2023-10-23,217.8,231.0,216.9,228.5,841393.165,BNB/USDT
2023-10-24,228.6,238.1,221.2,225.2,1011409.17,BNB/USDT
2023-10-25,225.2,229.1,221.5,222.1,624789.777,BNB/USDT
2023-10-26,222.1,228.1,219.2,223.2,726200.668,BNB/USDT
2023-10-27,223.2,231.6,219.9,224.1,970917.489,BNB/USDT
2023-10-28,224.2,228.4,224.1,225.7,347691.437,BNB/USDT
2023-10-29,225.7,228.1,223.6,227.1,269033.796,BNB/USDT
2023-10-30,227.1,229.2,224.6,228.0,397120.276,BNB/USDT
2023-10-31,228.0,229.3,223.9,226.2,465273.268,BNB/USDT
2023-11-01,226.3,229.5,222.3,227.9,578647.208,BNB/USDT
2023-11-02,228.0,233.7,227.5,231.9,829216.687,BNB/USDT
2023-11-03,231.9,232.4,225.6,230.2,501371.786,BNB/USDT
2023-11-04,230.3,238.7,229.3,237.1,391480.947,BNB/USDT
2023-11-05,237.2,245.5,236.1,244.0,613299.473,BNB/USDT
2023-11-06,244.0,256.1,241.5,255.1,844924.324,BNB/USDT
2023-11-07,255.1,255.6,242.1,246.2,865045.808,BNB/USDT
2023-11-08,246.2,248.3,244.0,246.7,500403.192,BNB/USDT
2023-11-09,246.7,255.9,240.0,251.6,1320420.474,BNB/USDT
2023-11-10,251.7,258.0,248.1,251.0,814936.218,BNB/USDT
2023-11-11,251.1,255.2,246.0,251.5,738756.911,BNB/USDT
2023-11-12,251.6,252.0,244.5,247.4,637126.209,BNB/USDT
2023-11-13,247.5,250.2,240.3,241.1,953917.532,BNB/USDT
2023-11-14,241.1,249.4,233.7,242.3,992864.124,BNB/USDT
2023-11-15,242.3,254.5,242.1,253.7,911316.433,BNB/USDT
2023-11-16,253.7,256.0,240.0,242.7,1090149.24,BNB/USDT
2023-11-17,242.7,245.9,238.3,244.9,757117.698,BNB/USDT
2023-11-18,244.9,245.2,238.5,244.8,485737.217,BNB/USDT
2023-11-19,244.8,246.9,241.8,246.4,379101.104,BNB/USDT
2023-11-20,246.5,268.4,238.6,253.1,1523794.58,BNB/USDT
2023-11-21,253.1,271.9,224.0,225.5,4050392.778,BNB/USDT
2023-11-22,225.5,238.5,224.6,236.1,1791363.245,BNB/USDT
2023-11-23,236.2,239.2,230.2,233.8,718114.377,BNB/USDT
2023-11-24,233.8,236.7,231.6,232.7,616904.315,BNB/USDT
2023-11-25,232.8,235.7,232.1,234.4,313338.264,BNB/USDT
2023-11-26,234.5,234.5,227.9,231.7,437624.722,BNB/USDT
2023-11-27,231.8,232.9,222.5,227.2,831147.034,BNB/USDT
2023-11-28,227.3,231.7,224.3,229.6,547422.862,BNB/USDT
2023-11-29,229.6,231.2,226.1,227.3,416529.001,BNB/USDT
2023-11-30,227.3,229.2,225.9,227.6,360874.419,BNB/USDT
2023-12-01,227.6,230.0,227.0,228.5,425879.275,BNB/USDT
2023-12-02,228.5,230.1,224.8,229.0,456196.933,BNB/USDT
2023-12-03,229.1,231.9,225.9,228.1,594689.614,BNB/USDT
2023-12-04,228.1,237.4,224.8,233.5,1475825.971,BNB/USDT
2023-12-05,233.5,234.9,227.9,231.2,861796.38,BNB/USDT
2023-12-06,231.3,234.8,228.6,229.4,858794.132,BNB/USDT
2023-12-07,229.5,234.8,228.3,232.6,793571.247,BNB/USDT
2023-12-08,232.6,240.0,232.2,238.9,764638.52,BNB/USDT
2023-12-09,238.8,245.5,236.3,237.7,838098.223,BNB/USDT
2023-12-10,237.8,241.4,236.8,239.8,433591.534,BNB/USDT
2023-12-11,239.8,248.2,228.0,246.4,2010717.772,BNB/USDT
2023-12-12,246.4,257.3,245.5,254.6,1877670.629,BNB/USDT
2023-12-13,254.6,255.9,244.1,252.0,1149182.339,BNB/USDT
2023-12-14,252.1,254.0,247.7,253.3,818946.787,BNB/USDT
2023-12-15,253.2,253.4,242.6,244.9,655654.892,BNB/USDT
2023-12-16,244.9,248.4,242.7,244.4,444080.33,BNB/USDT
2023-12-17,244.4,244.5,238.8,238.8,464957.446,BNB/USDT
2023-12-18,238.9,241.7,232.0,241.7,876189.244,BNB/USDT
2023-12-19,241.7,254.8,241.3,252.9,1569167.394,BNB/USDT
2023-12-20,252.8,261.9,250.1,260.3,1116951.002,BNB/USDT
2023-12-21,260.4,274.9,256.2,272.1,1286767.653,BNB/USDT
2023-12-22,272.1,276.5,264.9,271.1,967819.921,BNB/USDT
2023-12-23,271.1,272.0,265.6,271.0,408213.412,BNB/USDT
2023-12-24,271.0,272.9,261.9,264.5,572645.135,BNB/USDT
2023-12-25,264.4,268.2,261.5,266.9,469743.423,BNB/USDT
2023-12-26,266.8,303.2,264.0,297.7,2356245.345,BNB/USDT
2023-12-27,297.7,324.4,285.1,324.1,2126454.61,BNB/USDT
2023-12-28,324.0,338.3,320.0,322.6,2249136.219,BNB/USDT
2023-12-29,322.6,325.6,307.0,313.7,1407022.74,BNB/USDT
2023-12-30,313.7,320.8,312.2,317.1,561853.413,BNB/USDT
2023-12-31,317.0,325.5,307.4,311.8,667097.557,BNB/USDT
